id,az_uid
1,A32T2H8150OJLU
2,A3MAFS04ZABRGO
3,A1F1A0QQP2XVH5
4,A49R5DBXXQDE5
5,A2XRMQA6PJ5ZJ8
6,A2JFOHC9W629IE
7,A38NELQT98S4H8
8,AA8M6331NI1EN
9,A25C2M3QF9G7OQ
10,A1RTVWTWZSIC94
11,A30U2QQN2FFHE9
12,A2W0XCWOK3MW6F
13,AGBFIQMV9L61Y
14,A2R6RA8FRBS608
15,A2A1XYSB692L6J
16,A4XCTN5YLC89U
17,A1LYT85S93HUNY
18,A2ZM9BGE3K3SY2
19,A1L9E4OA926W9B
20,A2C1Y5F8DE9H6P
21,A3DOPYDOS49I3T
22,A1Z54EM24Y40LL
23,A1TS45JWJVOSSW
24,A2GL70AZ8MWXI3
25,A1QI6PI0HH4H0P
26,A3DWENW34NQEAV
27,A21TCOLZEFE1AQ
28,A3SYP5JOEHUWDU
29,A6KL17KKN0A5L
30,A2YAIK7WVZ8VMK
31,A1SYLII0808HD6
32,A39UA5WK18IY01
33,A3U16LITWT2PQJ
34,A8WAYVOKYBLO6
35,A3NG7X4APIV649
36,A36OT34BWUV59E
37,AOUM75FA941HX
38,AO9X6644SGODF
39,A3LZA698SQPCXE
40,AMQ1MEG334SAP
41,A346MAIT1GXHOH
42,A304GUEPCPYM3Z
43,AN81JUYW2SL24
44,A2Z9S2RQD542CP
45,A2PWUD5ZM4VHGT
46,A39XUL8UWT40I5
47,A21ZXZI37EP1N7
48,A3RRWUZU333R49
49,A3QMJMTLJC34QC
50,A1AC1ZXX9IBCTT
51,A1P2XYD265YE21
52,A2JXCOUGYS5Y4J
53,A1FLQM52V9YV94
54,A28ZDVY6NV75P
55,A2FRFAQCWZJT3Q
56,AY3XPKRAMKKY7
57,APOGXH3A74CM3
58,AZD8SMNGQI98O
59,A55PCTJ6NINET
60,A12XDEMP7PQPDT
61,A1X2LENOF84LCQ
62,A11XT24G3PZ8CQ
63,A1IM4D3R61A2K0
64,ANHL7BB84WJMF
65,A3IR834T7AROBT
66,A2XU6J41ZQOJ2V
67,A286YO5OCIB9ZQ
68,A3M6KV5PDU46YI
69,AB094YABX21WQ
70,A2BVNVJOFXGZUB
71,A34CSXOGVYF94S
72,A1QQDHM5YMLQ8Z
73,A3D9NUCR4RXDPY
74,A3S0LG7590F4MG
75,AF74UAKV3Q3W0
76,API5JLBRT6FIN
77,AZ8XSDMIX04VJ
78,A16AXQ11SZA8SQ
79,AH9MUK2Z52V6N
80,A1ONZ8JRPLBNUI
81,A1E1L1OJZQI3OO
82,A3UKWQS8SRW6IO
83,A3EPJSPH03AS29
84,A3UC3YT2E65LZO
85,A2NNH35DIY658
86,A140ICK18NAAYR
87,A1V31KX83H4M18
88,A3FS3FJPD3RJTD
89,A2I4A4WGWII18Z
90,AD1ZOPB0BBEHB
91,AZBXKUH4AIW3X
92,A58N07M0ZCYMB
93,A19FRW264WZTGP
94,A10JPZAYDGFHEV
95,A8LEFDO3AKIJP
96,AIKGBCYBXVH8I
97,A2L9XBP14SK6IU
98,A3KFYXEYRE7CP4
99,A1WZCR9781A5P1
100,A3GNRMHCTL5K3U
101,A2PQUL8TI4P4HV
102,A2FIC05DY3HT7J
103,A24P4E3RJ6AX94
104,ACGTYE5R2EXVF
105,A11I1I9QLMAM1A
106,A13WBUX01Q4D35
107,A3NHUQ33CFH3VM
108,AQJMBQN2ZPAU1
109,AI1J8UQELHK8L
110,AR74YY08IP2WE
111,A34F15TPWKCU50
112,A3CG6YLYZJXQG4
113,AZU2JDR2GVICQ
114,ALS9E01HVAVNM
115,AFXTKAO0CB354
116,A1PV5T5S4D5NPI
117,A26X7W5UM5QFT4
118,A1JTTJ7M7EC7Q7
119,A1R4BVOF5YKJX0
120,A1X1CEGHTHMBL1
121,A1JFNZ4UAMEZN3
122,AYXVKR3QNGB7D
123,A10PEXB6XAQ5XF
124,A35Z79KY3W7QYA
125,A9TJ1ZSTUF9BV
126,A1KY5G5FP31F2F
127,A31N0XY2UTB25C
128,ARIDN94LOCQFD
129,ACT1EPHFS9E7V
130,A3NGABXDIB0POU
131,ACVU7OORPTPVX
132,A3CJ2VH56T4TCW
133,A2AXKUSM1SB5BD
134,AVP2KMGLVPCYF
135,ARBKYIVNYWK3C
136,A1TMAVN4CEM8U8
137,A2H4GCOBMYKIZE
138,A3KY00QZMJQNAZ
139,A241HDIOHZJRBR
140,A3UBDVOL5UDIIB
141,A1XMNRX6G0ZS56
142,AR6E0WAEOCUKI
143,A11YOTONCPRQ9S
144,A1Q1DHNZRTK3XH
145,A2XSY4L7GDHV4W
146,A2L9OPJAAEK08Q
147,A1DQEJN9C8AM5K
148,A39WLAM38IEBWM
149,A1OA8BH7N6PYWV
150,A2PU80LCKRMC9X
151,A100WO06OQR8BQ
152,A33AEK6T00UR4X
153,A3FGOOWBV8SUCA
154,A2O168CJIAEGL5
155,A34LXKFO801EJM
156,AHD3NZHDUZ5I6
157,A1V4VVBQBFXRHC
158,A2ZDUS9Q4HXKBY
159,A29313797NGT9L
160,A28X0LT2100RL1
161,A235UFZGCFN3J5
162,A2BBZGVLEGIAVN
163,A35N8F5V2PELR9
164,A2BPW3FD2JR9ZT
165,A2J0CYSHN37GA1
166,A13T4T3QOSII3I
167,A35V32HZEGZH04
168,A18LZ6VHS4DK69
169,A3TBMAWIIHKHFN
170,A8CKH8XB33XGN
171,A3T2J7YMQT11Y2
172,AH3OB5RZCMFGO
173,ABJNCFD48KB8
174,A3KNZ0DD8OK29F
175,A12T5NJ6ISML4A
176,A55UU9GHETXQT
177,A3OFJES10PZGEH
178,ACBYRARB15WL7
179,A32GW1R9MW0XOH
180,A2QVMAK0OWUTOM
181,A1C4ZSXQXWDJ57
182,A2NOW4U7W3F7RI
183,A13XQPWNCS2CHP
184,A3S3KU23F9TAAP
185,A3S87ZOPB3UM9N
186,A281T8MXBOSWY5
187,A1EKSETIBS9ETQ
188,A3RFNCMOL3FSE8
189,A1C6ZJNWKYK485
190,A3I37WRTVINAGI
191,A2QX58D2N5RVGB
192,AA91O96C1Z18W
193,A2TEEITC7K0M0C
194,ASFP250F22MDZ
195,A1AQYAGTO2O43P
196,A8X8D4BUY5DFU
197,A1N10E26UAQ2TF
198,ARX0KOX5Q01BJ
199,A2ZFFSJ0VM6KSJ
200,A3C00N4UHA5XYX
201,A3EXW4HNYX7HF5
202,A3O6TAUE2GIH9Q
203,AXVXIWJ6IU6KA
204,A10ZBR6O8S8OCY
205,A3IY316DRNF5F2
206,A2ZNMPZMLRRC8R
207,A3AYF9CD4PXDJR
208,A36A1ZYZH8568P
209,AU3GYRAKBUAEU
210,A7JGEKN140F4S
211,AI0BCEWRE04G0
212,A61D3JICC4XKR
213,ANZTN7BD7K6KW
214,A1T1YSCDW0PD25
215,A343264GQDQ8Z0
216,A35IX2GE0VC0JP
217,A2PK64OVZA1U8Z
218,A14DNCG5WHM86Z
219,A1IU7S4HCK1XK0
220,A3TB9HNQR54B5V
221,A36MS27KAA5S26
222,A2RKI7RPP5CJMG
223,A22CW0ZHY3NJH8
224,A2DN7RUNX06BZ1
225,A1HRYC60VTMYC0
226,A2UTU1T0P7YTSG
227,A3HQKJ7S1U19P7
228,AI1SSQELYZGLB
229,ATK5NG3C5X2II
230,A1MC6BFHWY6WC3
231,A1UFLVSJ3IRETQ
232,A221K2EDPNQEET
233,A2L3II3XAQE3SA
234,A256JOUD8X0J7R
235,A35YSVE9WCK0HY
236,A26DG05WFGH2V0
237,AAPPWNP9FWVWS
238,A146J614ZNX0BT
239,AA1ZYCEKJGG3A
240,A1FLIYURKY1V7Q
241,A3HPCRD9RX351S
242,ATB8MP2M9L5PM
243,A1K9AZ2PA8MEFY
244,AG88PJVD9RI74
245,A1J9LVA298D5OF
246,A1VQHH85U7PX0
247,A3OXB8POGTLMFY
248,A3EE0H0NWQ9QVL
249,A2I98OOPNIJNYY
250,A3H7NPNDMGLOU4
251,A1T61QP7QHYBRQ
252,AC4XV78EJG1QB
253,A1HFT68GJ42LTM
254,A9KAY47NCPQS
255,A35JP8KSV9281K
256,A1ID17C7YF8FGI
257,A3TX46J8SBZPG3
258,AV3XTMK5I2AWI
259,A2UW9WI22QKMZE
260,A2IFKH3TJ10387
261,A39LRLKACX89IP
262,A4IL0CLL27Q33
263,A7UPJYPAH73NC
264,AXAJXJZUL2J5P
265,A2W4014S06NAIT
266,A16RI68PS6T5CA
267,A2507ZYWGMY9BK
268,A3GS7OZXUEW48R
269,ARJIAB8SLWAOU
270,ALSAOZ1V546VT
271,A30ODR6WBE61UB
272,AO96PLO6E3MJC
273,A33TRNCQK4IUO7
274,A2BJ9I0BQ1LH5S
275,A32E5G5T902WRV
276,A17771LTRWSKQ5
277,A16ALXKQ02SKYG
278,A2L4ZGN7GZJ95T
279,A2GY5WCU9PKTMI
280,A3VTOLNB5N6FVP
281,A2L5R1F9WALW7W
282,A1PZW5JKLA85F1
283,AMRMK86X3PKXD
284,A1FMWLZ9YY91XI
285,AEASNN4Z1IWB2
286,A3S15YGZ6W6EV2
287,A1J6B00Z1D6PS4
288,AWPODHOB4GFWL
289,A3A15L96IYUO6V
290,A18ZOHJ7ZERQ8
291,A3VHZC3WQ6IDVX
292,A1QBOC76MIOJYP
293,A3A90CELVLOUP6
294,AY1EF0GOH80EK
295,AIPD8IR5PN4G6
296,A1NGFGBX2VCQS8
297,A1J75JJ0Q2OEJN
298,A23KACXOE9O9TX
299,A38ON1MOZNBCGE
300,ARTHSLN5BW5PW
301,A26JGAM6GZMM4V
302,AUCIFMWP3DU8R
303,A1UL2JH7XOUGM5
304,A2X06FP2PQ6EK0
305,A2QR043WBXXX6L
306,AMNNPDX9MFEUD
307,A1FUBPW8U2RYUY
308,A24OVLPXPGS1V3
309,A2J8DE8R94ZB02
310,A23NSKTMSPPBTR
311,A2PRIQ2EA5GYML
312,A24FY1EBJ7EWLH
313,A1TC2MEPRWHAST
314,AAOPX9PTTOP3G
315,A3F8T3BRXRX5P3
316,A2FAFQZHESTCPF
317,A2GN4BPR465KFS
318,AICQTNH6ZETXA
319,A2HRHF83I3NDGT
320,A1R3GN9MEJFXM3
321,A1KCEFHPULW0OU
322,A1D3WNAJOJSQP3
323,A3998OSO98YJ35
324,A3EXKNVJ9W62NT
325,A3EP26M3QHINXT
326,A33ZYFE8XMKKR1
327,A36XG2H1S14FW
328,ADE6RHHG0SWWM
329,A30UP2KKD5IQEP
330,A2T4PF3X3MC0VC
331,A1LBIZLET9CW1I
332,A1BR2U9YITHOF5
333,A2PGQ9D20CWD30
334,A1XOVR4ONAUEJ8
335,A3ACKWYDNR7ROA
336,A1D9V11QUHXENQ
337,ABDR6IJ93HFIO
338,AC2278WPK3EU
339,A2CBZMETQJTNEE
340,ADOR3TR7GDF68
341,AJ9M31QZSBVDP
342,A1Z4LX3Q1YMF84
343,A206IP6EERPIIG
344,AJC7WTO025631
345,A1HDE6VKY9U9A
346,A6FIAB28IS79
347,AAUXJAQH8HRD3
348,A2M102AJ057KE4
349,ANOAFB0GOMU5C
350,A2F6DKMQYMI7F7
351,A220R3YGCKPTBH
352,A198CCH4NNLI2E
353,A3TRHAU4UTBWJ6
354,A22M9VM8S9YCZ6
355,A2CH2HX82W1KYM
356,A22PER4P3LP2PU
357,A3IMK08UX0I46A
358,AYI9RQ4YYM9W1
359,AKU18EGFF6G02
360,A3FARCKMBHQZLY
361,A16T0TVEUGHWUF
362,AC11GZAL5N99C
363,A1855L4WZL0J31
364,A1XFBV9YUVZXKA
365,AJJ4Z626IVKNZ
366,A52X1I4UT56KL
367,A1X7OWTQKQ9XAE
368,A278LEQK1TEPVB
369,A3EI4K5U61UZ7
370,ADY836HK6QSYR
371,A87N6UTYA6NOB
372,A8KWNRQPZLAXC
373,A2HMF8ZR67BNZS
374,A1Z16630QMH8Q6
375,A3I9XZGYARBLS4
376,A2HC9549CZAKNN
377,A2EHYCA29NSQLU
378,A28I19Q54MYXGV
379,A2D9N670IKJ2BP
380,A11L5M4MJP00UW
381,AGNPOWQ5M3FGW
382,A343C98QJO0JBE
383,A3BRMNYJHD5AT3
384,A1S27P7KJO9I96
385,A2AAHDM93LC9BI
386,A203OCQQ12MAVT
387,A306NASGVUDFKF
388,A3QCC7PV6EG4YC
389,A34UVV757IKPVB
390,A3GWFJ48QPA2IR
391,A3UW0PQLDUACMH
392,A1NEIH01B5X6QL
393,A1Y1L56592H2ZX
394,A13HRBF6V8E8K2
395,A2MNB77YGJ3CN0
396,A1URXSRV6WDHVY
397,A3M8R4JD1SIS76
398,A2I3XS9TO93Q0F
399,AHG0N8GME19U6
400,A3K98GERRFRE07
401,AVH11WSMMLDW3
402,A28TWWUAWFVCTR
403,AUV3OR951650C
404,A2O3E1BEZH2M16
405,A1SKJK2IISNRO2
406,A2XPK6XCL0UH1S
407,AQZ4PHIEEV5N5
408,A3VYKXHQDICC6
409,AG36DMYKO3HPM
410,A2ULQOGN59LDNK
411,A14ENWEKTHCBXR
412,A3436BWMMFP4VY
413,A2AVMEB8PQOTTE
414,A2JMWF6J7XWSI8
415,A2GKF2OBXNFFR7
416,A369R4MUZCUI3D
417,A2QRXQPHDMFCQV
418,ALQ4USPEQ9L5N
419,A1HZ6T8V9IFBRV
420,A1MRRMHGV3PN5W
421,A208U42GARHSOR
422,A312UBIOP091MH
423,A1QK0XCAPHIW1L
424,A3907KN2L0M7A4
425,A4D5B7Q8A7PA6
426,AQCJWSMSURQI2
427,A3MQAQT8C6D1I7
428,AW5JSQCHC2ZJO
429,A2D2LHBRSV4ZUV
430,A2H2I5FY1PUHP1
431,A1CBNUBPZPWH5D
432,A8ZEIMTD8NDOV
433,AHFGCH8LANEZK
434,AE12AEJFCOGGY
435,A3HOGJ49XCSCW7
436,A1A1BM6N28X9J0
437,A34H90POFYRHGT
438,A2BMZRO0H7TFCS
439,AW2BZYHG2MGSN
440,A31P4BOR51YD0C
441,A1K5J9J2KVPV6W
442,A3TAS1AG6FMBQW
443,A11LNPG39A2ZV4
444,A2RHV42BTJSVON
445,AEC90GPFKLAAW
446,AH7CBIWDTHXWA
447,A35LT14WG5BX0T
448,AROEAJRHBJ9ZT
449,A3KZEGBTPH6MMF
450,A1M92239OM8KPO
451,AXLN36UV9KGXD
452,A2DI7UGT3YX4Q9
453,A1DRM3JV6T5O6P
454,A2R126BJUZANUG
455,A2L6QS8SVHT9RG
456,A1E5WXNTI7EO2A
457,A1RRMZKOMZ2M7J
458,A3BMK3DZDH0N6Q
459,A4NXA2IJNE10H
460,A21KNRUAA5RK5E
461,AEZJTA4KDIWY8
462,A17G8GQM941JTC
463,A1GCC33SRWJD4S
464,A2QD4VQQGZDLBP
465,A2D9PCUCTDWVL5
466,A3UW23DBF2KHWC
467,AR9I9VV1UM0AX
468,A1E1LEVQ9VQNK
469,A3BR8K6BJMIBEY
470,AW6A4PPENVZY3
471,AK4HKI46S49NA
472,A3U62PW290APHL
473,A1YJB0RG72LM92
474,A2THNFFFYO1A6P
475,A32O98PFC3OP7K
476,A2TXMYYGSZCSZ1
477,A2IG937LQKWO7C
478,AZAKCIFE27RAA
479,AOM63D4VL32WM
480,AMPGRXQMO89X9
481,A39PJ20IDNCH27
482,A3N4VTNFPMTHEF
483,A3O8Z6IZ0VU3BB
484,AXFO241GZ4BYK
485,A3CIVGG3HNS1GM
486,A141834NWN0SKH
487,A13CBV8AEKJEY0
488,A3JB405VRAERCS
489,A11A75FIE3396D
490,A1H7Y5XKPGT0OS
491,A1Y39T2CT36YL0
492,A2DXENZNO2JT4F
493,A2UVYN2FO7X43V
494,A2YKWYC3WQJX5J
495,A3LUUEHDOSTZR4
496,A2VX9MWJ8LEIN1
497,A2ZVYE2WCSBUNP
498,A2D1LPEUCTNT8X
499,AD0WUBKBO21KK
500,A2IP2F3FRSWSRS
501,ADV7VXF8KLFYG
502,A2QQKIR0SWZA1
503,A20BLB9PGZMC2F
504,A1U6XG3OMP5S62
505,A2HPVNZZF15W93
506,AM8OUD9CL1EST
507,AQM0K7MBBT4AY
508,A30U7BDGGFHABE
509,A2GPLOLLE6BUDT
510,A3I5YPJZMTG1QO
511,A3FG0FQHNV2UP2
512,AJLW1DZSHOVGW
513,A3ENX1Y48DJQVK
514,A2MBLVMVDLHK1L
515,A1XTIPZ2GA9C98
516,A3EGBTYS1RKKA2
517,A29KEBGOFM7WP3
518,AVFJ327UXPXLF
519,A680RUE1FDO8B
520,A1LM4PSE0HJQDW
521,A2K3J2X8KDY47N
522,A29NV2YITU0EJK
523,A321W4SSC0F6AP
524,A2UEB48LAWFUCW
525,AU1SKSAF00JJH
526,A225G2TFM76GYX
527,A2OS3TIVAKUAHG
528,A34DQINHT6NYJU
529,ACV136D7UQVE4
530,AX4OUOYP645H8
531,A3BVN2QBNPBHCR
532,A1VTOFY4N47RGF
533,ABXEFUVFKQLXT
534,A1R089P5AS26UE
535,AMEZJVXMSEPY0
536,A3UCO5BQLB75Q7
537,A370LEGDL7SL3N
538,A1UCPXUBSESD65
539,A3FKGKUCI3DG9U
540,A1F92EK0MUNOVR
541,A2V6IR3NW1JV4A
542,AWNFFBJ6J1PSW
543,ADVSW4W1HHYF7
544,A3GK9LT41X73NC
545,A14LG64GIVZIGS
546,AD34TCPEP7P84
547,A23KA66VAK9PUA
548,A204271Z2ZM93S
549,A3DFH4CKPIT0N9
550,ACAXV4V8PBCE3
551,A2HHAV29CZ1OIE
552,A2Y3WWPUKIJ59I
553,A18ECVX2RJ7HUE
554,A2370GIEN1PT1B
555,A1JXGTCBVWVJRN
556,A3FKPBNI7UWQFW
557,A3EM8WJEGYPZFY
558,A3A1OA237FOZFK
559,A2JAEZ0FMAMJVW
560,A1KBXGIJ9C7YJ2
561,A1QG13XG3EO2CX
562,A2SSV6KM3W1VFD
563,A3S5EXYZDEBF3K
564,A3AHDR4F2J7YXX
565,A1FK6IQ111SJDR
566,A3FD3BHIUYIFPD
567,A10ZFE6YE0UHW8
568,A26LQSC65AMTGK
569,A1TR1R2QKWRSRA
570,A2YCUCEYXT9VHX
571,A9KLAL1CXZ0W5
572,AC1K4OQOZ90RS
573,A3MWP39R0W9TQX
574,A1VYFEJM12ZP11
575,A9GPCR9WJQCCJ
576,A146H6A41B26QT
577,A1Z0LTKUA6F94D
578,A04324702R5O7JRSQNVAH
579,A2DZ0QRHRXIE5V
580,A381MT950I6KRL
581,A91451LWGKHON
582,A1ALOTXWL76OY7
583,A3QDDEW6RXVEAY
584,ADEZOPMPKK146
585,A3VWGPUMJMVD1I
586,A3EJ8XHVDC0CWH
587,A1Q7A78VSQ5GQ4
588,A1FATTRIXTSTEB
589,A2B3A8NQIHITO8
590,A28RSMADFCBJDT
591,A3HRDRQ5VAFPQS
592,A1XZP6VNRUN0K1
593,A3LGT6UZL99IW1
594,A1JXRXYVSUAW6I
595,A33B3XCIXB4ZVG
596,A1ACM1CBGORBN1
597,AS44QEHT3KSPK
598,A1ZZR25X0CNOJX
599,A2VWE5SGNDS8HW
600,ATLA5CJH0ZZHP
601,A1SCANWWQTEG9I
602,A3EM243NDJ4DF3
603,A1JWLUIESPWA8X
604,A3PRA7DAN3N3ZC
605,AY91MQZZR750W
606,A1YIAR2U139UC1
607,ARM5E8GB9NPFQ
608,AFIHZGX5DMIXS
609,A3MQQRV9SO95Z4
610,A3GF9V3CNUN9M5
611,A3M5WT0X6QN0Z6
612,A1YRIE0SGJ1PFQ
613,AJRJVJPTQO37H
614,A25MQJ83DJ24WH
615,A2IDCSC6NVONIZ
616,AGLKENC7EJDYW
617,A2RAZD36HY2ALI
618,ABXANRX4GPYRZ
619,A84FLVDK2R5JF
620,A2S9S1Q7EJCYS4
621,A2BGSA31LAZZV3
622,A1BXXIAROOQYNF
623,A17GTGSS2E5QN0
624,A1H0XDTT90H436
625,APHXWZJ22M17M
626,AC6HYEG9JT441
627,A2J39GPS8D4YJI
628,AG2YXYIQ8TLTA
629,A12J7R7GAJ5FBZ
630,A7EU2BWLLCJY2
631,A1SN0GF90DLUHI
632,A3J9Y6KCZ1IMGE
633,A24IBBUZIHTPRQ
634,A1HLWQ55JSKK7R
635,AL4SB31UAZLXL
636,A33J2VWP9HXDU9
637,A256S0OWLFKCDC
638,A1TP2RW7KDI5AZ
639,A8WXLST0944GZ
640,A3AW05VYWC3LX8
641,A1OD0MT3I6ZVC7
642,A3OIC7GUFY941R
643,AG71XMQGQ2UTJ
644,A17A1KTVI3DG6U
645,A1YUL9PCJR3JTY
646,A3C40PJ9YXREQ5
647,A2YQICWD7C1F9U
648,A2068BC3ZXAVJQ
649,AACGHYIQZWVIL
650,A1MIWY5P4X6M4
651,A2NB2E5DXE319Z
652,A3NJDTIEZY1I06
653,ASY25YMTIC2A9
654,A22I55P15NSAOX
655,A3EZEP0FX5BC1P
656,A3SZXYX9YEDGT6
657,A32GCOTGFJ9XC3
658,A146H4KN4LFR60
659,A1INE33UQ1B4Q3
660,A2RX62V4E2BF5Z
661,A2NUBL2UYWPBWR
662,AYGEP8I4BQ3CK
663,A34T6SD5HUGLCJ
664,A10E3F50DIUJEE
665,A2LIPLT5LJTN5B
666,A1OMXVXXP07F05
667,A1JXLM6TYINCBA
668,A22KGO6Q2YWS0C
669,A2A33KJUP7T2FK
670,A2DG63DN704LOI
671,A1RFZGWX46N8H7
672,A1VGXHHR08G044
673,ACYR6O588USK
674,A3R7RE5O61M112
675,A2I5LVVQ7WXEH6
676,A1UQNX8S78JU0G
677,A1ZU55TM45Y2R8
678,A1ZPY91VE3IDN1
679,A1A9PD00UVHHVI
680,AQYYUN3T7B0WM
681,A1RLP0R1N8H8C4
682,A2VHCA21QKNEKE
683,A2QL3AISOKZCX3
684,APP35M28G2U51
685,A3GFK7F5IUF60X
686,A1N03V52IRZ5PR
687,A19NP8YYADOOSF
688,A2VIUUWR7B11KS
689,A3TIJLY4VX8CH3
690,AOODNGLAEDN76
691,A3R33KMESG0XGQ
692,A1K1XKNEZK8U82
693,AEMSGB00FL3YO
694,A209G57KXCBF4C
695,A3QL857ALV5RCJ
696,A2WJSPKOKQRB78
697,A2KBFB6A2D7PNO
698,A1ZNCMFIECPTVT
699,A3G7BEJJCPD6DS
700,A81XIM8XFKWX5
701,A23W6ZZMF367PI
702,A1EYGH2HDZ2TB
703,A261DBYQZ9N06P
704,A27M75LRSJ788H
705,A3P4VEVY5E7B06
706,A3OXHLG6DIBRW8
707,A3HEIIQCP02IBM
708,ATFBVUXDIRXT6
709,A36K2N527TXXJN
710,A2U0LY01LK9C3E
711,A1V3PCKVCJ3TTZ
712,A3TQRHIXSTUAR5
713,A1RBSR39PIMNN8
714,A2RLLC0EGSXPPR
715,A1LIRKVD44KUZE
716,A1ES9IQ5EZ4XQF
717,A10Y058K7B96C6
718,A3NQ9PA2ZXWPWI
719,A1OS4KPCCWY936
720,AQFORCKKB6F8I
721,A1I4WF5YO42WR3
722,AU4H7OG5UFDWO
723,A2ZWCTN306P8J2
724,A3JSBSXZRB2BBJ
725,A3E44U3ZA53NC0
726,A3TA1UJWRJF9NC
727,AVLSGR94E3ZVE
728,A2AB67XEWZYJ5Z
729,A1CMD08Z49PGKQ
730,A2CGL6SJXR0A2D
731,AKK6JKYM86PAQ
732,A3NQU1649SH0Q4
733,A335QXPTV1RIV1
734,A2SATO5BNKWY3Y
735,A2582KMXLK2P06
736,A13S959ZBAOU53
737,A369A814V5P8WS
738,A3D4VYPFBI08C
739,A1OWRLSD7LTSQ9
740,A450WKBT9ZIM
741,ADKZOXAOV8EXD
742,A39V5FIHH952HY
743,A204QN2VRUQA9B
744,A1DQYPYI53ABM
745,A5PRYCSDJC1KH
746,A110PC8C5Y7MQD
747,A2ZV8W46FZWCLJ
748,A3J5FRMMZ8NN8P
749,A16MDO5SB7QVDK
750,A1TJT6GXDGNN8Q
751,A9NHT8AK5720B
752,A1CPRP3VFJRS1R
753,A31CRZQPDIW00C
754,A12WMDXRUQPWB2
755,AJLPS4A9HGOQK
756,A7M7JDSCN0HMM
757,AE93PR77YBAE7
758,AQX1V1UT92QO
759,A1P7DGDY9RC1E2
760,ACQYIC13JXAOI
761,A2F7XU97CYFHDY
762,A1BTG38XSGYLW3
763,A3LVTATM6TO27B
764,ALOWEXH7NJVJB
765,A16GBXDS51J019
766,ANN9BS3NTE93N
767,A1FVP6G8W3O8ZA
768,AUAX1QWUCYKSX
769,A3I1BJIFFM4S21
770,A1LAAZUR8YFRW8
771,A9JLE9BISQFUB
772,A1S1YWNZEJPVAB
773,A384DLXD0474VH
774,A2G9UDL72YUTT8
775,AFVDHQ4W359NH
776,AGXV8E7XK9J6H
777,A26KHZE0HTS057
778,A2HOLM5I1ARX9J
779,A1IHK8GL1ESOND
780,A3QUDXLOJTKEP9
781,AOXMWBNDZDJ9L
782,A3SKMWPVR5CO1H
783,A1FCQI065T3HYH
784,A3U5CZ3PV82JXD
785,ATS7LYGLUX34L
786,AV111BU36Q2FW
787,AKJHHD5VEH7VG
788,AQH1SWR5HA413
789,A6LUXI8I8BU6P
790,A3QS4WWC1LCA6H
791,A1DW1FK1H3F2TM
792,A2KMY4RVMJ1EP6
793,A3M174IC0VXOS2
794,A8WEXFRWX1ZHH
795,A1M5ZT35YX6TIN
796,A1ZZ85SS43PCDJ
797,AYNNJ0DBGL5H7
798,A3MZNRSDQ32UUH
799,A69GBB918D2PP
800,A1HOLJW15Q5S5V
801,A32B6XWNR55SRL
802,A1ILWPH1GHUXE2
803,A33X80DIINN48Y
804,ATLO3YXU2BC16
805,ASGI7E0AJ8H5X
806,A3T8WOFS5RD2IR
807,A1Q4MNIUESQTBM
808,A1WT96X9NC0D9G
809,AGVDI7RLT24WJ
810,A2FVD05Z2FYW1P
811,A4KJTS5P78ICU
812,A3NDUBKYPI47N2
813,A17O9AHKHK66AI
814,A1S7BFT0HDF3HA
815,A2VJJ2POCLMED7
816,A1F7AFVBKHSOT8
817,AXR3CV6A4FMBG
818,AD9MNP7YY3BS
819,A35Q0RBM3YNQNF
820,A1D6PWUMDY9F7V
821,AXP8GO5Q3AXSA
822,A3UPYGJKZ0XTU4
823,AT9U5ZE5OO84C
824,A2YJE1LWDVOZ52
825,A3U5JCXIXTGSLN
826,A141W8WHW9AC3H
827,A307YFSORUAXSQ
828,A1E371HE68KMWB
829,A6B92PTV0Z1SU
830,ASW22V6LI995Z
831,A2VHQDJBZH0Y7P
832,A22RIIYSPA3EDH
833,A2R1HAXRNU0QX7
834,A3MLKJ1HHA2SX0
835,A2L6BT1PVV9YN0
836,A12S38AVBTZ8HI
837,A1XJOSJN6FHFO0
838,A38VQ2TIPPBKNN
839,A3GYY4CBRUZRSO
840,A1OMHUU58XHQNG
841,A75IYBN6J0SQ5
842,AGFW667QNHDOY
843,ACVQ6OMN2T773
844,A3C9Q3KTNNLJJ
845,AOVROBZ8BNTP7
846,A1HVCR3L8W46MF
847,A3NEAETOSXDBOM
848,A1JUBRIZMO0RJV
849,A145B8OHVNNFAJ
850,AXVKMYWNIHK7W
851,A2YQ2ZI65F37N8
852,A1ZQX6UHOEUT2A
853,A156P4FPL8OGXB
854,AZ9WQM7SLUX7E
855,A306153FTKS9PL
856,A3MUSWDCTZINQZ
857,A20CQ20J30DJZT
858,A21BVL7PKG9BX8
859,A2AWDAJOV50842
860,A9PE4VLGM3IFD
861,A353U0L2HAMSHV
862,A9BWUH9XKZ2DQ
863,AUNN3E6VGZNM3
864,A37MH7ICH80QOX
865,AB5IQEOSPXRJ7
866,A19EKT8H85AKO5
867,A1KS4OCFJWMZ0V
868,A2BYV7S1QP2YIG
869,AVDECPX9PL98P
870,A18NPNRL7UB7DD
871,A1SDM1LYAW856V
872,ALM9NMNDDLW1G
873,A3ADYQGZ46ZMWH
874,A3RIVMSBZQLVYS
875,A1H8I2PH00UQ2K
876,A2PD27UKAD3Q00
877,ATANE2SC44592
878,AFICF7DKHTQ87
879,A2D4FQHV506EPB
880,A319Y83RT0MRVR
881,A19UTUEBWKIZFT
882,A1P27BGF8NAI29
883,AXK9WUGRUL86Z
884,A1ZZCS4GDFC9TT
885,A2OCDK0BOW6UCY
886,A3T4OHEAHOJ700
887,A34BZM6S9L7QI4
888,A11OTLEDSW8ZXD
889,A1AZ1NXGGP6LDX
890,A3Q1EDCBV2KU8D
891,A279A4Y2N1CQ26
892,AEL6CQNQXONBX
893,A2UQIQUOAB47OT
894,A2OW1FKQFPIA5D
895,A3R5GTYQ50QVMD
896,AY3D7DG5L5WCK
897,A2P739KOM4U5JB
898,A2V1C15L60WEQ8
899,A244CRJ2QSVLZ4
900,A5GPH59NDWJRB
901,A2UO0COTKGRD86
902,A2C9XE9I8RSKNX
903,AYB4ELCS5AM8P
904,A3U029B8Z5WGI2
905,A3JLGYV7IN38YN
906,A350EKKR7ZWBFE
907,A1FPQ54AIB26L0
908,A3GMVCTJTHYG1F
909,AAA0TUKS5VBSA
910,AZMISC9FAUBIR
911,A3CON4WD5PKNWO
912,A2ZKQC0XCIIAEM
913,AQ6AGWKWMTY8H
914,A8GDM398IEPQB
915,A3IUW081KXD3PE
916,A2UT0FWM1DHKFJ
917,A3NM1MT3Q2FHXV
918,A2OWR5G2OAQF7C
919,ASCVKP9B6MI9D
920,A2Q8GFSEUSGJ51
921,APT8KT26KZZHN
922,A1ITRGMT80D5TK
923,A365PBEOWM7EI7
924,A2H667ZUNLNTF1
925,ADLVFFE4VBT8
926,A3NOBH42C7UI5M
927,A3P1508PZ0UADD
928,A39T0L7SX0BQ8R
929,A21EDMG94ID7D
930,AC962C9Y1Z1BL
931,A24HQWVDBJ5ZT5
932,A1RBBQPFEY2WCI
933,A5JLAU2ARJ0BO
934,A1IWMPKH1ELQQP
935,A2X4DS5KRSZFHR
936,A3VWJ9MCVXBCEK
937,A1RJKTYC03L0JY
938,A1G3DKT38DNZJP
939,AA4HDKR53P233
940,A3CIBA6QZK2262
941,A2KF3H5304I4IA
942,AL72LHELK6SZT
943,A26CPEEWB2WKRE
944,A1G7YSG5MOEOXE
945,A1NN8Q1DLAYPGH
946,A1XGJ7TLP5Y3XC
947,AI5OS4RQQIUMJ
948,A14JBDSWKPKTZA
949,A23GFTVIETX7DS
950,A2AV7Q95QGPTO0
951,A1EH2S92FHWZRP
952,A2013JDMPUV6D9
953,A1BZN88T4GSZG0
954,A2NU9H8H5MJZSL
955,A1LRXLBMY80OPC
956,A1FA8R1X67TZ5N
957,A3MFORLOKIOEQY
958,ADSCDY8LSLTCF
959,A1OV5Z33TMMUWH
960,A2VXC14UAS4H1
961,A1SHHQSPOWR00F
962,A2KQSLKDHGPRMK
963,AKX9EQ37PAYMY
964,A2PGM0MJYSGNQP
965,A1XCWGU6FUK5QK
966,A28I98PKHZZKVB
967,A19KZTF7MK04JF
968,A17UNQ6KJ8Z5KA
969,ADRH9RBV9NQS
970,A3W4D8XOGLWUN5
971,A1QVFHPY8418HC
972,A1J2EGMZ62RR4V
973,ARTSSZHO3ZYYR
974,A40U43VX39NR9
975,A1VLE2SH9J8WYS
976,A3JUHP1E3WUHEA
977,A2OXTTN0C1LP54
978,A10O7THJ2O20AG
979,A38C1PN7H7KTIA
980,A3CPSTC1T4YF9X
981,A276OI0NHBYORX
982,A1FEE54PAZVEKV
983,A3UNURO1UUPCFA
984,A2QM43G4MNJGTS
985,A70NFM6KHU24F
986,A38QHZEEYZKT27
987,A8WRN6S6XGAG9
988,A3DQUCHHTFAOLA
989,A281NPSIMI1C2R
990,AYX5O8ASYZKKN
991,A35LFO0F2ROTNG
992,AQ55H30MZSV0Q
993,AJQDIT55SZ3ZX
994,A3094EPI56GKZ6
995,A37JNUJSVAJKYN
996,A1JBTODNPSN6K
997,A3NRAK9FM4R9TL
998,A3NTEO3ZAO1ZJW
999,A16NQJ4S2N8L68
1000,A1E31MMY0SL9J7
1001,AKPH66433BKZS
1002,A1MNN0ZMHYPJDU
1003,A1FZSWC07ZPMID
1004,A2BWY08L8HCXH8
1005,AAX0PD9L4YYKX
1006,A1EVV74UQYVKRY
1007,AKWA0KM0C6WOO
1008,A2DJFYBB2L5VSN
1009,A2HYLKXMCGA6EF
1010,A3CHMHGSJSQ02J
1011,AWC8CTW8N2XVE
1012,A1DH3QDZX8Z7GO
1013,A3G05IEEQP0LHM
1014,A2KAKUZZIPQF0J
1015,A2SQJPUCZNHMZE
1016,A2HCEAGTSREO4G
1017,A13NW8G2B4MLKG
1018,A3DXRN8UPJ6W2N
1019,A16QISHQDP5DRO
1020,A1HCZ3IB5NQ1WD
1021,A28HVL8ZZJEH21
1022,A2T1SU09G0WO2X
1023,AR3HC0KFQQ0ND
1024,A2RJKVBUNZCSXI
1025,A3PUN31Y8OUO4U
1026,A2RKXHHV3JGDXE
1027,A1V1XNKLDPTD4N
1028,A1ODOGXEYECQQ8
1029,ADWUJZ8865J2A
1030,A1SBFI91YMPS9I
1031,A1ROCGU2YILTNX
1032,A3NG1RH09BPOO
1033,A29YFIOQ4VEB30
1034,A1MRLJGRZHWJKK
1035,A314KKDIJWCNMV
1036,A2AVTJPQVX4OWG
1037,A3DYH84F6O74XT
1038,ABUE0ALHKWKHC
1039,A33AQPJYH7UUXR
1040,A1KT19TDP9VE63
1041,A3112D9P7HXV0E
1042,A2LEIANN1UZTHP
1043,A1TNJ5721Q0928
1044,A360104XRFH2SE
1045,AOMOTMG7R8AUO
1046,A2REOL60O4VZKL
1047,APW0OINC8LISZ
1048,AUZ8FSNOTA0DN
1049,AMBIFRHLCFVGS
1050,A3963R7EPE3A7E
1051,A1DDEEB79OIRBR
1052,A18U9BQQQ0U8F5
1053,A2EW38Y6PEW0IB
1054,A2WGD7ZK0MBS7S
1055,APBB297H3ZA5E
1056,AQ2FC1DLKVD8H
1057,A3T7BTQBVRJDOH
1058,AQ3IN3MRXQ5KH
1059,A2PY5ED630H0QJ
1060,A2SXHP3384ER6W
1061,A3OGPCWAPUJQY
1062,A27HJBFDSTFVFG
1063,A14R9XMZVJ6INB
1064,A20EEWWSFMZ1PN
1065,A3LM7UU3BRW5X9
1066,A3USZS8Q4GOKGE
1067,A3T1LD0C65QCWK
1068,A3TIL1PC2ZE97B
1069,A1D7VWS3DWS7X8
1070,A25KKXUQQ0OLWB
1071,AC6LV5D2RKTIR
1072,AIT8Y51ZWH97V
1073,A1FZAZE34727U5
1074,A2IWPHVSMDQUT
1075,A1ZSO20Z0ZFXOE
1076,AFCQ78N0GKHRZ
1077,A6VYPIM02CAW
1078,A2FHM6DSCFOABL
1079,A2J0IBS4PFRO2C
1080,A3VVKC910FN4EK
1081,A3L0Q0D434JPZG
1082,A11ED8O95W2103
1083,A1FFMPJ0W6FHQ8
1084,A23ONMGKEWDG4M
1085,AJ5KIXPYWYAVH
1086,A4WEZJOIZIV4U
1087,A1DD5LYFQ3ZAOK
1088,A2E6TL7VP38K91
1089,A39VFY3ZY0QQH9
1090,A2DYMDOAJURO5F
1091,A1R76R4E6A8S3B
1092,A2SNSC2U05O4TQ
1093,A3RGHO0Q938FRS
1094,A6VPK7X53QNAQ
1095,AOEP96629WHHA
1096,A9Y5O2R4D6EH5
1097,A2SH6A32BE6NEV
1098,A3J3ZHGDUDPCFL
1099,A2503LT8PZIHAD
1100,AGJRUK27RBVYS
1101,APZWKX3F1YX37
1102,A2QNS95WGN35G9
1103,A23ZNGL704AW7O
1104,A3H7ADUP07D93H
1105,A1ZCSSCAGBCD49
1106,A2V5R832QCSOMX
1107,A1PI8VBCXXSGC7
1108,A1WXG10FJ353K0
1109,A26BDXG9KVH7SU
1110,A39G26LKBXB83D
1111,A1B6SIX2I161O9
1112,A12E0Y0J6584RT
1113,AZQJ85BTRUQV2
1114,AFDJGY68CQL2X
1115,A3F9CMU8KNAY1M
1116,A301B6L3TCD7WL
1117,A26FEJTPYJ934F
1118,AMBFK6N4JS5Z2
1119,A391KXVQH22CM0
1120,AA8JEQP5MBJJQ
1121,A1QX2UX6ZESI97
1122,A2067Z5GZDRCAE
1123,ALDAF4VVLFRHP
1124,A2G2CO08SESWDW
1125,A2GPQZHM465OUK
1126,AX3T5TI76TOJ1
1127,ANYKKMEHB0ABA
1128,AAV5IVZ1RNQU1
1129,A1OHW2VAFFGYPI
1130,A1E7VTRDMI4XMV
1131,A13WOT3RSXKRD5
1132,A3R1GJY2MY8041
1133,A2NW4O9BJLWDDY
1134,A1T9ZB8CB6KK5M
1135,A3MW0PVUC2WVZM
1136,A3CW0ZLUO5X2B1
1137,A1TXRF98SLKL2O
1138,ABC68JUCPTVOE
1139,A288MRRRSGH1H4
1140,A3LMPD1ZQTWOC4
1141,A253X5E4L0DM0W
1142,A1PR0BIKB9O63L
1143,A2UTLQ8SE3W4ZJ
1144,A2FEM4XI55SY0W
1145,A317G6H6Q0EPNK
1146,A2K4WOSH37GSW6
1147,A2RQOO8VYAEZZG
1148,A3HQAPXAJV7PRX
1149,AH7FWHWAXMBPG
1150,A3KZCNV1N8R9GC
1151,A1ZBEIL78MLR9Z
1152,A1IH42TUIZ2XJL
1153,A1KKE6VX8VPWZK
1154,ALEUQQE118NEW
1155,A22VNXHU6IZ5MT
1156,A2065HBMYDXJ1S
1157,A1WKEAS58297E5
1158,A3SLC8F6VIWXIR
1159,A1MFVAHTT2BHM0
1160,A2U1GR2QY28DJ6
1161,AO2EURP2Y4JZM
1162,A2JCJJNY43QQIV
1163,A356RFKNIG043B
1164,A1WIB486Q684IH
1165,A1VHERKT2KX0MO
1166,A15XY6GGKD3B6D
1167,A22KL4WOK6GTW2
1168,A1WSQ0QRWQC7VI
1169,A3IZDVIS87YT60
1170,A34M5RUZ6QTZUR
1171,A3PWPNZVMNX3PA
1172,AMQWWN5Y9NVP9
1173,ARPB88E6F2MFR
1174,A1D1IDI5S9TN9D
1175,A20J0NBT6FWXXM
1176,A2PBMCBT1R8TTL
1177,A2HHZDHNBQ89PX
1178,AR1T36GLLAFFX
1179,A76FR6O1NBAXV
1180,A2KX7C5O86E58
1181,A2GOHBNQ58WOKC
1182,A26R7LLAFTPC3U
1183,A209D61DH0HZMA
1184,A3C0380R9NMLHD
1185,A2ZY3S7SD3QO8Z
1186,A3KXR8L3CJMWW6
1187,A2OW356OMJNAVH
1188,A2UYWE97KME0M
1189,AHN86VFJIJ2JP
1190,A1XG5WYLFMRRX1
1191,A2TVJ0YDW3QO63
1192,AG90OGHDGOOVH
1193,A2O421DTA8J0RW
1194,A22L88N1SF7OIA
1195,A100ZQDV7L8PVV
1196,A2SH7OWE8QJYNC
1197,A2BXMHV2B0QRCM
1198,AOVUG6TEO2MVO
1199,A2NLIB986TEESZ
1200,A33ZUMJ446N7UL
1201,ALLHJD3KZF9KC
1202,A3P738KVXL2YYM
1203,ARXU3FESTWMJJ
1204,A45S6D1P309G9
1205,A376OJHLE6SU9Q
1206,A23J1T7UNX14TK
1207,ALUJ15UFI1422
1208,A3Q4TYJVAM4IRM
1209,A2KJN6XUEP2NFW
1210,A22CT4ZGGD2FJF
1211,AWKZAUC0D8DYL
1212,A1MR1VMK999I6O
1213,A27QXQQOLAMRRR
1214,A3JH18T58CY65P
1215,A2SZLNSI5KOQJT
1216,AUQW6UEZFC7B2
1217,A1T2ZO4ARVSUGE
1218,A375NF45A1MDWI
1219,A1V3TRGWOMA8LC
1220,A38BE06WWL20AY
1221,A1B70ZEWQ6UH1A
1222,A2RFJZI6CVRX12
1223,A12S8UQEIPZJKE
1224,A2DB720I9XRX7K
1225,AX7QMRXX81L9K
1226,A3QMIWXU2RGEMH
1227,A1IUTYIY6PW8DU
1228,A2WVF9ZQ068DN0
1229,A9NXTC0HTPSDO
1230,AWJBO5XGIW8ZS
1231,A37D2TGTIXRV2N
1232,A3KJ9UTP3TSDJW
1233,A9XX8OHS2ZQ2X
1234,A3M7R4PD0FEPUB
1235,A3U52V5ZAHZZKU
1236,A1A535TCGNMVPI
1237,A1U0131NE06V15
1238,A20IIR0422G3A5
1239,A3R4794K2RVU1S
1240,AEMZRE6QYVQBS
1241,A37IHRVO8JWYF2
1242,ARRKEMHZJY9VB
1243,AVAL1T27UJ5HD
1244,AGVWTYW0ULXHT
1245,A2OL5WLCNZVD9K
1246,A1XF8SHMV0KPYK
1247,A2KJY3CA1CB1GE
1248,A6VXZ1EEPRTLV
1249,AX4EJPMBBNP90
1250,A1248JRIINWRTH
1251,A3P6ET0G4CR86C
1252,A1U6RLUA8D5DSX
1253,A1V68CETC0BXV7
1254,A1ZFM7VYC7H
1255,A260QLS8Z33KCQ
1256,AX2C1235SSV04
1257,A1D7HM0MMEAKUN
1258,A1Q718T80K520W
1259,A2Y9ES0OUI4AU5
1260,A39ALS60U21HE5
1261,A1JH5EKCDJPXSH
1262,A31VNP4OTMTQYA
1263,A1KBLPXHWKYOZ9
1264,AROQO2VDODT7
1265,A14N6TJRP83FCE
1266,A1OSMUWASSRR36
1267,AFCFI329FAFWE
1268,A19H6YAILCK6L6
1269,AU1R53DYGA7OI
1270,A3872Y2XH0YDX1
1271,A2F1P10GGZ7K2T
1272,A3VONQL7YW8UPM
1273,A3IRA0BHI9NE9U
1274,A2L6JWMO3HIPU
1275,A34IYW7VLUKTOM
1276,AKYDGCKCY7H9F
1277,A1OXY9C2JZ536Y
1278,AK0CENM3LUM28
1279,A3QHDQK0S9JC2M
1280,A3KN1J914HP91Q
1281,A38Z2QSVGNWWKX
1282,A2WYB31CM86696
1283,A29QCPFDSDNNKQ
1284,A1GW7V6S6XSXX3
1285,A1NJH2VUXKZMS5
1286,A200MA7G4P4Q2N
1287,AEJAGHLC675A7
1288,AGA7LFNS3YUXC
1289,A32CQ23727FKOI
1290,A1K6PZZ0BLB94K
1291,A1Z2D89VPJPD4I
1292,A1ONKALZILBP5G
1293,A2YBDIVPRX6O9H
1294,A3PVCMQ961V2RL
1295,A3DI391K4GAI7Q
1296,A3O8N35W0F6ZP7
1297,A27W7P8PJJVH9I
1298,A2QV8IBP2YHYRZ
1299,A1DXRF9D459RWW
1300,A2W3WWVETOMJBS
1301,A3D07T3ZUI6BB5
1302,AETG43ARLZDZD
1303,A3F31FZX5X64JN
1304,AKHFY3VCNZL2W
1305,A32JCI4AK2JTTG
1306,A21MB6QOZXYZN
1307,A249G4SVEWV9UX
1308,A2DRW5925XZ7G
1309,A2V1J3JT5OOZFO
1310,A3V5F050GVZ56Q
1311,A3I0IOKS3IV3WY
1312,A2NRZOEIT6X2DX
1313,A2B3B8ALWKSLKR
1314,AA5KIZVGT7IOV
1315,A3NNO4G0SNT5RT
1316,A32KPKPTN5WAYL
1317,AM78WFHEBDBGM
1318,A3U6J0DLLDEWM2
1319,A30UZ7NZ7XQUIZ
1320,A2LOCNLCDMUKS0
1321,A2Q6DWWUC6O58
1322,A18LBGL7L9FEZV
1323,AV6DEV7L5DK2V
1324,AZGGG49I1J5E5
1325,ABZO6UMB679VD
1326,A3SN8R50T18LF3
1327,A1R8R7XKJJ3Q3T
1328,A28UMA3GW9L124
1329,A3QDY9I0CNMD2W
1330,A2AY5KXAWXENM4
1331,A3JPFMXPZTN8Y4
1332,A3F4ZLESWE7ABC
1333,A2VOW5HNCUIPCQ
1334,A2EDWI5EGP4V9N
1335,A3INN916E4VION
1336,A1KMITAI5ETLHB
1337,A19123D9G66E0O
1338,A1F9Z42CFF9IAY
1339,A1P2LRONLCFGYF
1340,A1POFVVXUZR3IQ
1341,A25TNBMJ4ZO7RD
1342,A3S3VSXEFXBMRC
1343,A3Q9HY0LU7MN6E
1344,A2KY76HK8DYRL3
1345,A1W415JP5WEAJK
1346,A2KMV056844YV2
1347,A3J3OCM6PPWNRY
1348,A6SZZSMX7DQG1
1349,A3OEIPLU13BEW2
1350,A2TGMGZ116G6AW
1351,A3HPFC4WMB2LZD
1352,A2VH0UT5EQFB6P
1353,A2KQT4D0OZR569
1354,A1ZDTRY2VG017E
1355,A1BJOHHLG0D965
1356,A250AXLRBVYKB4
1357,A120P0MIV4OALC
1358,A2569HQNP3JZUZ
1359,AQJUBIWM5GPEZ
1360,ABY77ZEHN9WLU
1361,A28EMTHVF120XV
1362,A30ZV7N6MUJ7D2
1363,A28906OSOOHJHF
1364,A396ELNTQDFYPO
1365,AEN44U6T9R93
1366,AG7EF0SVBQOUX
1367,AAO9RIWRUSCZ9
1368,A1MLTMR44XAHM7
1369,A6DT2FV4CTU2Y
1370,A382BWJECWWQPW
1371,AKLUFVL8A311U
1372,A14O0BENBHDUN9
1373,A1HAUSCAQSGV3L
1374,A1989WJVG7DHBK
1375,A1QOX71203SF4F
1376,A1ZLLUACE036BM
1377,A295RSG8K1619H
1378,A2EBHVSUECXI3I
1379,A1U4GOVZWL8ZTL
1380,AQQYA0K23RSMF
1381,A22SBD5R61HBOO
1382,A3DLKMRBA3VD6O
1383,A1PQ4LDLJMO3KW
1384,A2PZO2V0HWG7IF
1385,A3CZ8FSR0VWSR5
1386,A4EWK1BCKU4OC
1387,A3GJX3SGM00T1T
1388,A245DTGCSY59ET
1389,A28X7NZ02016FO
1390,A2IBRTI9KWYQQX
1391,A37KJYOYIWSXK3
1392,ARFRKSZXZF0PS
1393,A1NQAYUMIAT0H0
1394,A21LNH550B5D4C
1395,A35HUT8MQMT21L
1396,A1JNA5RWCEMT68
1397,A2UR6WKVAFYB9M
1398,A3829XEG3R2HRO
1399,AOEDWQLH2WKKW
1400,AOTY596BG2YX7
1401,A2AF0NOCM71J0B
1402,A1VHCO8RQFIGQJ
1403,AZMY6E8B52L2T
1404,AJ22XNZC2377X
1405,A3GO9B63829GIP
1406,A2D77SR2EP3U7Q
1407,A3BI8BKIHESDNQ
1408,APRLYKGMQIKBG
1409,AGB7UQZMVHNUJ
1410,A375LLKDEG2MOE
1411,A11FX8HL2ANK6T
1412,A7ZH32CL0PIG0
1413,A3RJZWLHXAPKTA
1414,A2OLTRWQKKDD5E
1415,A1P3DDFL423B3C
1416,A3DPCYMQ00V9DZ
1417,A1Y09QLADQYQJG
1418,A15F0X7UOLWKT4
1419,A1LW93HGONNQUU
1420,A2TM9WEZ2CIXH2
1421,A29YQ3Y5UHRH3M
1422,A2CACYNRZ337HQ
1423,A3N1H8BSULHP3U
1424,AFEYHFH2GH0QZ
1425,A3NYPJQ5LYCU25
1426,A3FEGTOLCWXSV4
1427,A2QWEEYO8QLIMI
1428,A17V9XL4CWTQ6G
1429,A7C77J4MH94B6
1430,ALNFHVS3SC4FV
1431,A2V5M5EJPOD2IU
1432,A3GEKT2LS4QLR5
1433,A6KWBF2VF5ME9
1434,A2RMVKGPSIISC0
1435,A1R377IPZOKLMM
1436,A16GBOBCC2UC9Y
1437,A1VQBEW0G4IH1J
1438,A5U5T6EWH90O0
1439,A3V6Z4RCDGRC44
1440,AJ6H9ZV7TJUUT
1441,AFFVUZEGP1FDQ
1442,A379DLIAF0MFM5
1443,A39OM6SPWHS3FK
1444,A3LN4AOPBIUQWR
1445,A2TA40MV2H4O6F
1446,A24I0B6PVLOOIR
1447,A2SPEDC7WSZCGC
1448,A37D1ZP8GBHE38
1449,AV1F8VNJPLPTL
1450,ATV31ASSJT2JM
1451,AH0AFSL6ZQ3I7
1452,A64LEAZ2QF8L2
1453,A3THLI10635V4V
1454,A1Q1T811N4IY3Z
1455,A1AHJ7SS38FSR3
1456,A2CH3AVJI0UR3P
1457,A2BPRYXALB93BV
1458,A3BG39N4UJDBQI
1459,AAD2KI8D3R2F4
1460,A21W2EZ9LA25ST
1461,AHKSURW85PJUE
1462,AIJOUSLU6MG26
1463,A13NSQQSABDB8A
1464,A36VDWKHWGURGV
1465,A37A41GWQFMK3D
1466,A30B3BASG7368S
1467,AUXE4JH175DZG
1468,A10YNQ7SPY4X63
1469,A108B8OUQ0GHNF
1470,A36QAIQPX365EA
1471,A3LLEF35QS6GJH
1472,A2AYJYJP5UQL1C
1473,A3VF9H1PEKIL0X
1474,A1YY6103EIE3H4
1475,A34JYDQ4RNOZJT
1476,A2ZFBVF5EDMVBK
1477,A1XKS19IPXNWLK
1478,AU0TB11NTQOVA
1479,A1XVDRAXKQKZ76
1480,A12I3YXOUHYVQU
1481,A2Z3KC2BTCLPL4
1482,A2E6AHFDJ3JBAZ
1483,A3USWFMXUUQBFI
1484,A1H7W2REGQ57LJ
1485,A2DEQA3D2GHFGE
1486,A120KBT5UAQEZP
1487,A34PR75R2L76FZ
1488,A1MRIKXYOCDL6X
1489,A23ID4AZTDBV78
1490,A2OPYFA5NZAXD3
1491,A2ZRMCRLDSUX6R
1492,A2WUKV5RK8ULA0
1493,A1PWOOUWW1NJC1
1494,A1PS4OYWUB0VX
1495,ARTM1R17MOIJA
1496,A33UZDO4KB4S0H
1497,AJRDRD3SDD28X
1498,A141OPVE376YFI
1499,A1JBMZRN6M3NKC
1500,AY6TK80W3N0KF
1501,A29VG90T649CSU
1502,A2CHH5U12THP2D
1503,A2QVJFVM7SJ2I7
1504,A3HJOKYEV152QJ
1505,A2SE5EJ7B6Z8NP
1506,ACK08WDMAFNEV
1507,A1W476YCP7DZ2S
1508,A2OT6DZ1D9T21M
1509,A2SP2L3W66SZ05
1510,A8INT3NMHRUS4
1511,A12C7XYE27B7KK
1512,A16J281SJ9QXIQ
1513,A14YENXHLKG9WL
1514,A1XOK2E84T1WY
1515,AVU1ILDDYW301
1516,AUS5X6IMFLJBD
1517,A13Q5PEFYSWL6F
1518,AMCAID3LTHKEC
1519,A3FBMSWBJ202SF
1520,A3GX6U4H2CRY71
1521,A3EJRV7JRTH2HY
1522,A1CP75N61T0ZYY
1523,A3BZUQXA2QHDI2
1524,A3T5RRVIA53X5X
1525,A20H1M28WLI9J2
1526,A2F2S1L61X1LA9
1527,A3JPFWKS83R49V
1528,A1PAGHECG401K1
1529,A19GSC3QMK694Q
1530,AHIK7BUXFRMT8
1531,A2MR696ZU17F12
1532,A3BFDEBT5IV4UN
1533,A206CGM6J75UJY
1534,A3TNZ31U9DD7UE
1535,A3M1PA1C98XNGN
1536,AUITG1DJ3QUGK
1537,ATS2855497V0I
1538,A3GXYU5MZX5SXC
1539,A2D3BBD9EQ7KVR
1540,A1JJM6COMQOO4Y
1541,A2WGO3GXNSYM6E
1542,AZ515FFZ7I2P7
1543,AEBEJQKMUZF0I
1544,A3DZFEICHK5LF2
1545,A1H4QWLST1N3D0
1546,A26877IWJGISYM
1547,A2KS0FVY2CNJ8M
1548,A1C0SOX7DPXY65
1549,A2S26YGSVXBCFL
1550,A2QDOJFFLFGF18
1551,A26LD9FQHTM8ZH
1552,A3EZFFPVS34AMO
1553,A2PNOU7NXB1JE4
1554,AOMEH9W6LHC4S
1555,ABTUNH7645QJL
1556,A27H0T39U3FZB5
1557,A3CHIF3EHXCLA5
1558,A19YOYY7FLQMA6
1559,ABMNX856X89CS
1560,A16YU3GRGCD95S
1561,A1PL7QILVQV3IF
1562,A1901NTE8LFJF6
1563,A1GXC9S0TYVW2A
1564,ADZIJQN6MNRAB
1565,A30WOXPI820KFJ
1566,A1QW9ZCEC2T2QQ
1567,A2IJ276VBT3V7S
1568,A26PAN8REXYBYH
1569,A3COBFLNYK52TE
1570,AX329NHW6B7BA
1571,A1FM6THAM7DYL0
1572,A173YMJ9XFVRSY
1573,A3EX36SNRYD5VL
1574,A2DB3W4GWFLJIA
1575,A2LKE0SEQBP6PD
1576,A3DFESBZJ2MEM4
1577,A32EOHLFZYXJEP
1578,A1KOQUL7SWSHNG
1579,A14H5GNH2EIPAC
1580,A1QS8MYNL0KQBB
1581,AEMLV8ZW0ZT37
1582,A276WUJIHO08N7
1583,ABW1G60W83B63
1584,A1R19YYR5OR26T
1585,AI9F70TSNSCFN
1586,A12ZWENTS1XYH
1587,A20WQLBI7ITAJ4
1588,A14Z6D3IRJ23F7
1589,A7DJMKW3LIEMU
1590,A2UZM8L1CBU7V6
1591,AKCZIJ6ZHE41D
1592,A389WTJ3W0ENMW
1593,A1VTTGG32E9CTD
1594,A2PL06HW6KZH2
1595,AJGRCD2U0NC9V
1596,A2RU4U1JZ3DMP5
1597,A1YP5WLIHGG136
1598,A2E1EFNIZL2FVA
1599,A27DITPCCZIVAH
1600,A2AZIQJGBLU7WN
1601,A2RYWPOL4NN2KG
1602,AJ2PPTWZ0IIJS
1603,ALBW2ZBS6Z2AY
1604,A17D8RDGKBZ5TX
1605,A3INMIZIYJ9BQ4
1606,AIIR8E34EDKCQ
1607,A2XJYQ2V3ZVZFL
1608,A3T7V207KRDE2O
1609,AHQS3N2QQZ9N6
1610,A1J5HIF41ENSMZ
1611,ACUGBCEADYT6D
1612,A3SX5MZTCZRQLF
1613,A2JNW9NNS7KKVS
1614,A24U6WGBZ4P74W
1615,A6PGY3XAJSYH2
1616,A2KOV8XWZOZ0FQ
1617,A39E7IWNHY62JT
1618,ABOTQXNUBA1MM
1619,AFHYEO3Y1IIDD
1620,A1S5KB9FYUSKIQ
1621,A1MBXP3NZM2BUO
1622,A2RN2AO4BE6F4K
1623,A2PFCO5ON4N2UP
1624,A3VJ27010XUWTF
1625,A18IZ3RTL9SD4V
1626,A2WY52YD5GAEIB
1627,A2F540P3L6P5CL
1628,A15CL28ALB7MTZ
1629,A1K94LXX833JTT
1630,ATDE9JYCPI0L1
1631,A1WHY3H3V776N5
1632,A3CA3RWZYJDWXE
1633,A2AYJJAFNSGSU1
1634,A230PPNNJYJ6HR
1635,A1F6IAHPZA2EBR
1636,A1MZEMD0EDETS6
1637,A1FDV3WPOHREY9
1638,A2ZJMLZ1IA2YA9
1639,A1C8SCIXBVXN57
1640,A1UBSC80601DN1
1641,AHS6PX6H22WW1
1642,ABVYGB2TKBO8F
1643,A26EQ8U96JA92T
1644,A2JKM8KF3296CW
1645,ASJZT7DM51QEM
1646,AEUY5C51JAWWH
1647,A1JMKPA2U1X8LV
1648,A2Y739CRM15WDL
1649,A10Q2ZCYPEVHCU
1650,A1XP5GMAIXJ10A
1651,A2TN0U8173HM7A
1652,A25SCMROF2X6HQ
1653,A141WC0TY1PB6L
1654,A1XZNO9IFJSCHH
1655,A1STE8GFJV0JBM
1656,A2RLPYOQDA46LZ
1657,AQCD1307TM93R
1658,A1O6V44YBRJ8W7
1659,A2DPYMNI2HCIOI
1660,A8B467TCT4ECR
1661,A3H54QQGB3E68R
1662,ADU6LGFXOO4XF
1663,A3LTCZ7O1REBL1
1664,A91K5V1GJ9ASA
1665,A3RB1JA72Z0TUN
1666,AMW1OYXWOGZGJ
1667,A1RUGIDPTS9V0Z
1668,A2F2KWW7IMZIRJ
1669,A6XHF110BC856
1670,A2GR8DKPGFS0FX
1671,A15V4TJBVYLK94
1672,ADB3GBTQTPEZN
1673,A21I33801ULF3B
1674,A2OWJSM1Y9Y8OV
1675,A2V870ZMVCHNDM
1676,A3RVDXHXWXI6K4
1677,A1U4TYA4K3Z6AJ
1678,A3GG4IS30B831A
1679,AD0KLBEIXKBAA
1680,A1FYYHVUDAYU53
1681,A3ECE51AG6ZK4B
1682,AW6A72DBAELE1
1683,A1IKNUYJSRIZ3Z
1684,A3QO73FZ1J4DIT
1685,A25J8E80943YPY
1686,A3KI2WP0K7Q9EA
1687,A2X4PFSAC3732K
1688,A1QNYLBG73QRNF
1689,A2Y7BSQG9V3LNG
1690,A25VOHKP19XDTX
1691,A1718L78QHNDXV
1692,A2Y5XNJIP2085B
1693,A2FFIW1SFUZ4QT
1694,A2Q4Q63NMFVSBY
1695,A25EAAT2ASPU7Z
1696,AAWRFZ7RTPH3K
1697,A3HJHV83O2U8BL
1698,A2ZO5SU0ESSB1N
1699,A342PAZ5NSQRM3
1700,A37RIRXE3WECZ
1701,A2TDWDE3ZSSCA1
1702,A2QOJ1Y9L7A46U
1703,A7OXU4EOFTXOB
1704,AKTK11MTN64PL
1705,A36S5U0QOWMOSX
1706,AZNUHQSHZHSUE
1707,A1QMN8SJYRREMT
1708,A2BZCHIDR5FTYA
1709,A3QOIDA6B2NIPO
1710,ALRCAGJOJ9583
1711,AAWUXA65NDMYM
1712,AQQFI7YHMRL7S
1713,A1W7R5ZAGVOSVQ
1714,A2MCC0XFURU2K2
1715,A2OZ6PW2W5FQTP
1716,A33YZNZIRA3H97
1717,A2E2PA6UNK1E05
1718,A3FMPT5IH0CJ50
1719,A2561PYW9TTMYD
1720,A398R165PXFOSS
1721,A2T5R4NOTKFBQV
1722,ACN76NFHYL6JK
1723,A107H3XGCV6Y4Q
1724,A2ZGXQ566SR4FM
1725,A2MSQNPTNAAGL1
1726,A1IOSNSY31L5EI
1727,A1GUN2J1FDYNF3
1728,A1IZJVLNMFACS6
1729,ACZ4YI6UWRVOG
1730,AKE6DXEN3GWPC
1731,A19DW3VKM5KKYB
1732,AY6A8KPYCE6B0
1733,AM18CU72YEWH5
1734,A2EFIUAOF4YRAN
1735,A2ZYSZ80A14V0M
1736,A28YK7B27X3N0N
1737,A1BMG34CO5CMZ5
1738,A3IKLTT9JQACCI
1739,A2XIOXRRYX0KZY
1740,A2CNGARED6OWWU
1741,A3KGLXW3EYDTUH
1742,ACJT8MUC0LRF0
1743,A2E4R7YISIM4QM
1744,A39GKCZWTMG27E
1745,A27X7XXOKMK879
1746,A2RBC8IRQAZLWV
1747,A1M1Y5UGONAW06
1748,A3HAA7H8PBVM78
1749,A19WEEGB05YAZ3
1750,A2R1HUYHXV7H18
1751,A2BQWD54CXBX6R
1752,A4BNJSZVARL5W
1753,A1P00XS758WUWK
1754,A16RAMIXBUHVKV
1755,A3FWVV13DJELLV
1756,APPCJX62WKIIP
1757,A2FFWYG9YYZFA5
1758,A6X1O3A5C5FX1
1759,AFYQ9V4XBVCJ1
1760,A1SY4X1WWNOBX5
1761,A1NS6O584WD5FJ
1762,A3OW12V8O7G5LD
1763,AFO678EAGH4Y9
1764,A3SEDVZYQGTRVL
1765,AUEW0SKOB1XYF
1766,AY20S8XS9799P
1767,A36PFPY4O3E1DV
1768,A6SM104267C1C
1769,A1E45C97JEF57H
1770,A2EOX5XAVNXE2O
1771,A3LL8PH49PZUG7
1772,AHH7IEK2QPMMZ
1773,AYQQOW0VR0YF5
1774,A3DP111SNFP3K4
1775,AZ4Q3VAK6CIJS
1776,A224I5WR8UQDDC
1777,AK1WNXTHNCG5V
1778,A1BA72K4VK1UN1
1779,A9O1Q1QUUVZC9
1780,A2TGF2MDRQ0UMH
1781,A1RSCKO1JUK0NV
1782,A1116JC9NIIGQJ
1783,A3V3GS9EVT6T2C
1784,ACH40GDEWZRJS
1785,A2TOPNOYV52Q8K
1786,A1M9126YPQPS3L
1787,A3NID9D9WMIV01
1788,A2H8F55EZZ89TO
1789,AKN40DPD84M5R
1790,A19HT7YC1UW3D6
1791,A2N5CF87EZG6Q1
1792,A238V1MWVLQMSS
1793,ABMF4UC4Z00NT
1794,A3L61G6N7AT8N2
1795,AI0NMYA3LKXW1
1796,AXJ529STIZPYJ
1797,A2HFAL4TCQ7JU3
1798,A2GQS16NHRJGPM
1799,A2RJE018IGW0K1
1800,A2S6QCNNN8AK91
1801,AI43VKPN5NF7D
1802,A1DPRK859H0G2Q
1803,A2MUGFV2TDQ47K
1804,A1GE53W7QT1RGE
1805,A1GYEGLX3P2Y7P
1806,A154LF7THOX5E2
1807,A35QO8KUVYFHN4
1808,AHKPZ11JT110F
1809,A1D2FXEWRIV1YV
1810,A2WZRBFLJESCSH
1811,AZFHSPEZUPGD2
1812,A30JPZ9TZ7I61U
1813,A1FDVT0DLJWV78
1814,A1VF5LN6SHFVFJ
1815,A3CN9CCJUNIPKT
1816,A2LW5AL0KQ9P1M
1817,AJ8SVXL3SJN7T
1818,A1SAZB83QFR0W2
1819,A1YVDY3TISDRE1
1820,A3VGSA71W3ZPM5
1821,A3JL3YQYI7OR5O
1822,A3V15SFD7918WZ
1823,A3BKNXX8QFIXIV
1824,A25IYL8L9LZNH3
1825,A3GAJB5Y9XCLHU
1826,A2XGFPVV6P815H
1827,A13U975DFXBU44
1828,A2YCEKVUN1W5F1
1829,A33Y8C4818EJL0
1830,A20VX7F4164FVC
1831,A1SORZL733985Z
1832,A3VOEGRW0NC5Z4
1833,A1Z7Y2GMAP9SRY
1834,A2MO9URO4526Q2
1835,AN0U0GNJJPEUR
1836,A2YV6F6DLENNTM
1837,A3LOGP4VA9DX46
1838,A2BPB05QNCE00B
1839,A1UINGIK3UG77D
1840,ASAWQWJ7AF5NF
1841,A3QYDL5CDNYN66
1842,A2SBU0TY5XAGA7
1843,A3MGPW01PY4T0G
1844,A2U35A3J3O9VF2
1845,A1H5NDZ3UY02I4
1846,AVA23FS2PP338
1847,A1NNJSJ6W8WUBC
1848,A3VTKYWLEPME49
1849,A1027EV8A9PV1O
1850,AKN6V9Y0YH421
1851,AUJ30BSZMLDM6
1852,ATZFZONPLXQJN
1853,A2X9N5ARULONZT
1854,A18HOTPCF2137O
1855,A3GVT2F2T0YIHE
1856,A3PQGWFP8QAGFT
1857,A1HQ7SG2P72PO3
1858,AE4MWKBXB3T8G
1859,AN9YQ51AEV3U5
1860,A2H0T0PY5IMEFX
1861,A3CIHP9FFPE9I3
1862,A188JOXWF4EY1R
1863,A28YBL28P03P8V
1864,ARK5SAGVLW3FY
1865,A70CKQ0ZITPIC
1866,AU9RMJ1A768D1
1867,A3HETHW2XD3DWH
1868,A2WZNM833CJH82
1869,A1VS1LL905P5L5
1870,A1KGCH50H9NB68
1871,A18GJ9MYYO6GCQ
1872,A2Z60PVKWFO3SW
1873,AJKN1OQ368JGH
1874,A3VHYK1R5IL2IB
1875,A3JQ58CZBV3FOZ
1876,A16IM9MYTHCKYQ
1877,A240FRPD4MEXND
1878,A36BHVA80D0OHU
1879,A3BVDW4DOLJAN0
1880,AE77GYKAKUIZR
1881,A3R5QX5LXQ3K7V
1882,AG7YJCNJL1F7B
1883,AOZF9N3Y845BU
1884,A22NU0QZBB0PDK
1885,A2EU95NHTJSDWR
1886,A2C66ZWC2V5FES
1887,A441UFTXH5S2X
1888,A7L9EMGRIE9GI
1889,A3CIRXHGNZQSPD
1890,A2AVOVUTRTABTX
1891,AP1QSII669BCQ
1892,A1C47EO3P9UKXJ
1893,A2O793QDRZFHT8
1894,A362Y9GGATXOOW
1895,A3KIHIO3VQF7T8
1896,A3DECRYWZZM0SO
1897,A24FMSE3PKSM88
1898,AFJFXN42RZ3G2
1899,ASWHAWQ4Q1NF7
1900,ASWIC85F71H4J
1901,A19PXREM9JVX2J
1902,A2PY39I1ZXQ1NV
1903,A1POGSPD4HN8Y1
1904,A3E2387FOEVDO
1905,A3H0AW7EAWQEWT
1906,A2P6FU1HQ1OFAP
1907,A357333GWGQVN7
1908,A1RTSVWEXMKAR1
1909,A3MYO84C6WRGPV
1910,ADFLPF6FI3W0O
1911,A3A93JDI1CFDI1
1912,AMHRLIDSKX02C
1913,A62IFILJCCAT3
1914,A1UEQ4RFJBMGYJ
1915,A2MZU6IUXUHF6D
1916,A2LVSMAA0F17AY
1917,A1GQAKL9CGQLP1
1918,A5D7D4XNXXNFR
1919,A34P2MHECWT0O5
1920,A3TMBYDFP1B9DM
1921,A2AMOQGN69NRB5
1922,A2AKQ4GV4O4WAX
1923,A10J0IVZ97LYJ9
1924,AXP9CF1UTFRSU
1925,A2MIP3AQVSF2SS
1926,A5V1EF2BNERO9
1927,A2JHT131BRI5TS
1928,AMMNGUJK4HQJ5
1929,A3LYFRATW68EX1
1930,A202NHVMR5RK0B
1931,A8RJROLZ7FNGC
1932,A36BMQOJBJO31G
1933,A13X5HL7VYI357
1934,APVTSE59RWRIL
1935,A4UKBG3M5U5TI
1936,ATYA5H6H9J43F
1937,A3QNQQKJTL76H0
1938,A2AYUV5VRPTJS3
1939,A2UHH9U4S5021L
1940,AKR6UUUNIIMEA
1941,A24XUWT3SCRAPT
1942,A1E6SFGJNIYWVE
1943,A3LZA0ZL5IA0MS
1944,A184OTW5PHZTVX
1945,A39D7ONPOORMUT
1946,A3MCXCKULCGPG7
1947,A1X64HF17UU8TX
1948,A34GZPHWYPSY2T
1949,A1Z0NIO16UXTH
1950,A20BC3R2NBN646
1951,AL3G7RTXMGLDQ
1952,A20361V1Y2GZ5X
1953,A2Y9Q058YCA6HJ
1954,A1YKP8L17WYMMW
1955,A2LWPZZSBSA416
1956,A26YE3F1HWM1KR
1957,ACV37UH08UMY3
1958,A25XFXZCYJCM48
1959,A39N31C9L88WO7
1960,AO1Z0TQWCRGL4
1961,A27DNSEA1L04L2
1962,A12ENBT314RFXR
1963,A2BB4DGBRVGKWW
1964,A1GC0Z72O2XIRW
1965,A178IK50SI5GO0
1966,A1A4L7VRD74WXT
1967,A31WDVCY763OAB
1968,A3F2926FPOBNL
1969,A3JFQSOF150OEI
1970,A2JQ6E24ZPORV5
1971,A21I1N8JO0LQMO
1972,A1I1KIO31ZY2U4
1973,A3P8ZDHC7XSKSE
1974,A39Q2FVTKOSGB5
1975,A3KPH6TPCEX6BB
1976,A3TXZJQWCPYNVS
1977,AOVMTR7PA8XB9
1978,A3CJ7MHAS9IMAM
1979,A1F1CYYRJQVUZM
1980,A29S81ESUZDA5K
1981,A2B6I0N8RNAQXJ
1982,A3D7BGK0P5QY0X
1983,A28VIMG9J06BLP
1984,A22QN8JDZS8YOF
1985,A31HOWJKEIY037
1986,AG6TX1ZJHLMO7
1987,AYTKUTAP0VA53
1988,A3GKD8MAHURH91
1989,A1XAR9ESZ5Q6CV
1990,A1KEK09ZA6J9P8
1991,A3HC4071HNLGLZ
1992,A1FWAXD75PZR05
1993,AYR0049I3E5UB
1994,A16PYNWJEUN5TL
1995,A3CKI6VEH0HBMJ
1996,A101PIL0I3UZJJ
1997,A2310YIYYMWAEG
1998,A3SQQYS79AV13M
1999,A1BLVYSYH7R272
2000,A2OL02U5O3BSJ3
2001,A30JJK4NCHFRH6
2002,A2QKSRK4JYWKOS
2003,A27FGZZD4HYIBR
2004,A1T78S9EI9IN73
2005,AQYTV71YAAN4T
2006,A2Z8J4RPNCAZU9
2007,A254MASMYHLHFF
2008,AGZHBGXO8LPFE
2009,A28KY5HDFLRZP1
2010,A1W4W55SNAANYX
2011,A38DGWI322M3SC
2012,A6XDZ1MJ0B1A2
2013,A3MA0GENSE798M
2014,A10ERSEFIAHESG
2015,A1NRMTQ5SZPZA
2016,A3GJZIH58UCNYX
2017,A1IWR4YH4ZA9BM
2018,AK7CAW3N1XZV6
2019,A24F1UX8ZT5IXY
2020,AY12DBB0U420B
2021,AJNW2SVETWAW1
2022,A35Y0RSU09ANEN
2023,A158M54UZXY20E
2024,AYDC7F9UF6EQX
2025,A7HY1CEDK0204
2026,A20AZSZ7IB88CZ
2027,A2VNAGUP6GD6ZW
2028,A3RMXJ4XMR56GB
2029,A10Y6DKBE3MFOA
2030,A17BUXSHOUOP4M
2031,AKS63YLLYU1K5
2032,A3A67VN64HRQ2Q
2033,A2SQI5NLZFGF85
2034,A2LI3XFHH7LVPL
2035,A16XKC95819IHO
2036,A25Y4KW08CXT24
2037,A3BMI7VGJT60Y7
2038,A80FUDA0BEWI6
2039,AZ34737QMSG8Q
2040,A1YURCSJHDUO5N
2041,A3E0N8NDZW7TMP
2042,A219NVR0ZVS0L4
2043,A1EWHXH39UTTA8
2044,A3Q2HBEE6FMWBM
2045,A2VODABWSVHV8E
2046,A2E0FAQGKT8HV4
2047,A3JKIXW088EIOD
2048,ARJLYJQ4XDD20
2049,A31Z48BHHUTB0P
2050,A2TONVIENL3CAH
2051,A1FBYASE1JXULU
2052,ACJ9N7ED37HXS
2053,AZIJ44I4NIO5M
2054,A3DGJMO6VPG6FJ
2055,A31AVXMESQRQAC
2056,A1R0PBOIOOIPZK
2057,A32NZK5H2NIM13
2058,A16C19G0I2DE8S
2059,A3E1IXJ949VL29
2060,A3J2P7JHUUUQFD
2061,A170FHM0QH3SK2
2062,A1KY25HG3D9NWB
2063,A2KDB5B08SS4EX
2064,A1VMG2HXMG41AR
2065,A2RM5ZSZJQL7WY
2066,A20ZMC10HTZ4ZW
2067,A2VDZ27CMLJVVH
2068,A2UOHALGF2X77Q
2069,ACVDL5QRCOPE1
2070,A157O8BX9BSC44
2071,AESPLVBQJCNC7
2072,A1JBBR4MNGQ70G
2073,AI2XINIZFPBI8
2074,A3TWBW1B17R151
2075,AMSSG5FPT8XMU
2076,ADYZOSTF9LZLD
2077,A2EF8N7ZE7ONWX
2078,AUNM3BLNWRH3J
2079,A2UVJIJ26VR8AY
2080,A3KTWUXXB8KKC7
2081,AUNFWOE19RJ9P
2082,A23PYCN8O9IUNH
2083,AXQW6IS0Z62BR
2084,AJ317DXOHVBOS
2085,A3QUG39UDJOPNB
2086,A2NE7D8GC41UCL
2087,A2JZPEW49WB9KN
2088,AWEI6TB5Z2D37
2089,A3UXWF0FN0FB94
2090,A3J4ISS5S38YQS
2091,A37H473BZHX9P0
2092,A3J51P9U9UGWM6
2093,A15ADZE1K9839O
2094,A1LQF2RS5XRQIO
2095,A1TFLC6G7E69DU
2096,A37RCN295YXNKD
2097,A2ZG8OIEB6W3CF
2098,A1UAAH7GB4W4HS
2099,AIAOFEPWPX1J8
2100,A358SWXY193NZQ
2101,A2JOPUWVV0XQJ3
2102,A1VY5QPC8G6EUB
2103,A34CCVBWLJ21T2
2104,A39650P2CZUUC9
2105,A2R9CT91CLSCSV
2106,A18A3CPTU1UL08
2107,A2DRVUMQB5S930
2108,A3T0CQMWAOIPK3
2109,A309PFW8T6DMMZ
2110,AD4QC0SCPICT9
2111,ALJCBIBGP35XU
2112,A5GVN09S9V8P6
2113,A2EPG25IF8BNCB
2114,A1MFE6A0LCEMEL
2115,AVHN134ADVP4R
2116,A1H6SBO7R007I8
2117,AHNHLGKIZ2N3B
2118,A20Y0J8D6E74PZ
2119,A3HNLJGBLFBJIA
2120,A3IF2RRR8R84BV
2121,A38H4XCCPLRF93
2122,A2HTPS0JV3Q8ZD
2123,A7EK88GF8N40F
2124,A2YB7DLC3FOR7W
2125,A36TDLV6OK3RO3
2126,A3FRUBCPV39TVR
2127,A3SDW6TI2CBCT3
2128,ANTN61S4L7WG9
2129,A8QYRG7TW491B
2130,AL6CEWLV2JB90
2131,AOKQZVWCLONRH
2132,A1MLM20GT0JQW
2133,A3TA0BXR9SKJB2
2134,AJJ2UM58CSGUB
2135,AGHIUO1B3IF8H
2136,A1YGIUSI2JTTSC
2137,A3E7YWI8VV7VCV
2138,AT53ZTTO707MB
2139,A1O97WKID9L3IA
2140,ADSFKIX44X8JV
2141,A1YP96MT6W9FTB
2142,A26XOOCIJWDITO
2143,A2PAC3VTCX6BDR
2144,A2GQ0WGM9BYX9O
2145,AIOEOKJPFQ2NX
2146,A20MEQGP5HGMX5
2147,A1H1BPKUMGVIA8
2148,AKJ3P4XK1KN5Y
2149,A1LINA8MCSONQL
2150,A2XFM8PN6G0B02
2151,A2M14CFAMF8J7I
2152,A17K6WB5PGT3UV
2153,A33JGP7NR4BV8W
2154,A30CV4T4I9Y89P
2155,ABAPF3XY1W6JX
2156,A2MFT6D0SQYCFP
2157,A1MANOWKX40CRW
2158,AQ89SQQ9QZHON
2159,A3FEOUT3IXVL75
2160,AA5D2Q1O4ZMG8
2161,A22KF5KPBPD872
2162,A1R4LO2RGQS498
2163,A58P1TUC17EL2
2164,A3II0PJ19LJ7TA
2165,ATA4YSJ4JCBTR
2166,A2AT1VB213NFEZ
2167,AM6X6BHEO5U19
2168,A3U5WSM11TAA2M
2169,AI78BR0UXFPW1
2170,A38RMU1Y5TDP9
2171,A3Q7TY0T4PQULD
2172,A3IVDLIXVJCRDQ
2173,A2L1KC5CTPF9UD
2174,AYOMAHLWRQHUG
2175,AK8LOFYRZJJW0
2176,A2PR5G1680ISEY
2177,A3R9X003XW0LNR
2178,ATV1LVNEECNA3
2179,A1MAG8BDOVJHTT
2180,A1GWDRBUMQOCRK
2181,A96AUNSF6GESO
2182,A8EBWQZIDKF78
2183,A1VXIY1511XQK2
2184,A32DYU82G6X3AO
2185,A2W1J67OS0VIAO
2186,A3BH63GKL7MQ2K
2187,AJ86MYUT3VJE5
2188,A3U1WPDQLP9CQ
2189,A1UUI7PFQ5FU4E
2190,A226GFM0Q9L37H
2191,A2JHHYYOOO4DS6
2192,AMZCZBK1EF1PV
2193,A3F3B1JPACN215
2194,A1XVF5DU3N05OM
2195,A23KDA686N6T4Y
2196,A784A2QRHRSSR
2197,A1J1NRKY975WOL
2198,A3CMDR34KFLGFX
2199,A16QODENBJVUI1
2200,A3M7BCQKSQAK4L
2201,A3I9MCGO36KZ7V
2202,A12O5SEIF162P8
2203,AFHIUAR14924K
2204,A3CO0ZCKSZVLH5
2205,A26RBB5XP2LWJC
2206,A1WNKB3URF1XM1
2207,A2BCB516A8HV6K
2208,A3OQ47ZE3GEI0O
2209,A27HZ9CJ5XOKIP
2210,A16YMCFWGSFGS9
2211,A11SPSEM08VIXX
2212,A1X3ESYZ79H59E
2213,AF0E5TGS52NRD
2214,A3RR2P5IS3DGPR
2215,A3HE6SU1IZO053
2216,A6BJCVLQ54ZYU
2217,A36MP37DITBU6F
2218,A25WJCAP606YMP
2219,A3VBXQKRM7A4JR
2220,A2KFAEOHLMLX0H
2221,ALYZJ7W14YS26
2222,AYNRALJ4X1COS
2223,A3VI2VETB90ZG5
2224,AHQ13I9CI4US6
2225,A267FU71Z01CIH
2226,A15T9G38F589KM
2227,A2CZ98V784SRJ0
2228,A1UQBFCERIP7VJ
2229,AO09RWV40IX78
2230,AMYTL79JMGQ6D
2231,A226VGZWOEBPGL
2232,AT28RL25Q2OLK
2233,A2TNEYVYHY3C4C
2234,A3FBM0RMCMAABV
2235,AQY5XBYSENNZQ
2236,A2SY92ZXU2FOEU
2237,A1YVO5V1SO18DZ
2238,A3U5HKDHPYBAK3
2239,A1YH6DMZOS59A2
2240,A1MD9AEU9C4WJN
2241,A261P36T13YP98
2242,A27AF4DLLOBQDQ
2243,A1C2GFOPBDFM8L
2244,A1FPIPBIK95J2M
2245,AYWHCM0TJ4737
2246,A2NYLGHJ9RNKGK
2247,AVH4LC6EDRVWG
2248,A22JZWODQCBV3Y
2249,A3INP7V12E2VDK
2250,A3FXT4UPI30K7S
2251,A14XUCN5OC998O
2252,A37FFWZUGO8L7W
2253,A3M1PLEYNDEYO8
2254,AGFSSC5DBY2HU
2255,ANW6EGY12V5XS
2256,A36IHC0K68NS2
2257,AKT8TGIT6VVZ5
2258,A3C2JQC6R2K52C
2259,A3DX5F0CW34Y9
2260,AKPYS9VSM3LNX
2261,A3OMOR0QCB74TM
2262,A3KDZA2MRC39CG
2263,A19RDMX22VXXSD
2264,A3S0DBBR693O06
2265,A1SXCGBJ9JW2MO
2266,A31DVKL8JE4XAH
2267,A17AHTCKJ4SUT0
2268,A1IQEVARFXT1OZ
2269,AUJS4ET9XG32M
2270,APY0PLR9RNL2D
2271,A3HMA1OGEZO7E3
2272,A1KSNK256G46GX
2273,A27FP0S5QH7GNE
2274,A2FKC5R4E1WC8C
2275,A32T2XLRS3XKOL
2276,A39137LW12KK7B
2277,A20TM8WG1CZ27P
2278,A32WT1ZEE4QGZB
2279,AG4MMQYOIPNIV
2280,AGZK3IZXF72TY
2281,A11HU0MWFG8EDF
2282,A34PG7UWJPSJNZ
2283,A3NT7RAITJZXXT
2284,A2A8EWHJLR09N5
2285,A2WU34FQ0ZFVZH
2286,A3J8A5L5AF5TX9
2287,A1880M0LJJCWIQ
2288,A1VUN4JU731CBH
2289,AB846CACW1PVC
2290,A7Z2J9V37ABCO
2291,A31KG0EVYUJSUF
2292,A118KSWZBF5L4T
2293,AXHIE1NIRSZM5
2294,A1H07XV8QZV9SL
2295,A5EWZ1SOA3ZLV
2296,A2EWWF22SO10NJ
2297,A29O3NE3A4EJ20
2298,AZQAEL5GPBNIR
2299,A2X0UQNIMZKAT8
2300,A337Q388KS0QCZ
2301,AQQVPOL6VPVVN
2302,A2I7MFPAR7AJWX
2303,AILVRA5HKI7LV
2304,AZ74PFI67BCG2
2305,A3ENN12GLNTUAF
2306,ABQWMANK4AR63
2307,A1L0GP3TFKYV0
2308,ADST4B2JCNXH0
2309,A2X2X0Q6XI7Q3O
2310,ABU4LUKJU2QOY
2311,A19SXS5PEC80UQ
2312,AUSTDHPEPH5J4
2313,A2BHNT9FES1RMJ
2314,AT2R6GIHUWXK0
2315,AA0YPCLUF78B4
2316,A2GKQKM3HIPQ5H
2317,A1BN6QEHHESGU1
2318,A37U4HM0UG7FQ0
2319,A1V5UCC82BEETQ
2320,A78537UQRSMF4
2321,A3TAPN9A4T9K7U
2322,ALL8ER99QHOQ
2323,AYCAIHABPYWVJ
2324,A3PXW1W0LVTFMZ
2325,A1JZFGZEZVWQPY
2326,A3775OP5VTX5ON
2327,AKMEY1BSHSDG7
2328,A1EX5SK2PD0XLC
2329,A19MMYMZO363KM
2330,A2AOZQ3WTNVVOK
2331,A2Q204DY2L7YRP
2332,A22MANL4US4RMY
2333,APDPA11IZPYLN
2334,A2B7BUH8834Y6M
2335,AX1DVIKI8PWU0
2336,A6DF9OQYVGS8X
2337,ATQQA4VFSCXAG
2338,A5SBPZ1KHWX5Y
2339,A22Z554ZQ8NFPC
2340,AQ8DU6XVA3USJ
2341,A29BPMJI0ZYH4H
2342,A5P7STTZE2MJV
2343,A2M1863O652DNZ
2344,A35OBT6KF0ZW6J
2345,A19NAKWN2HD289
2346,A1BBCMQSEJN0PP
2347,AGJ0DW8O7D9FL
2348,A3EFXR8D6BKN0H
2349,A28621TSIR5EOG
2350,A2JROMDHVIUSKB
2351,A1G5B9VY2HWFUI
2352,AZAC8O310IK4E
2353,A19LF8H78H24KJ
2354,A1D1782JK9GDNE
2355,A3FPTGF6TRQGA6
2356,A3U521S7IPSFZG
2357,A2FJBUYK63JMP1
2358,A2NSMJVQY0RV9S
2359,A1IH7O6EL7SNBD
2360,A1FVA4A8HGG51L
2361,A2Q8J8IL6V9M5T
2362,A5Z4QFVI3T27K
2363,A285FGI1ANO32L
2364,ASFW4ZMNZJKDA
2365,AMKJY4GCNVACV
2366,A3CTI2ARGG2T7X
2367,ATJV9TWMRNF8K
2368,A18YMFFJW974QS
2369,ANP5ZZGG9U7KZ
2370,A3EXIZWHSNVNME
2371,A2ALX5U55NTGTL
2372,A2OBDNQ5ZYU1L8
2373,A19HKRB4LU5YR
2374,A1IQV6AI7L9NOK
2375,A3I2WE58OUUEXG
2376,A3PWTTPN2ORIZI
2377,A2Z7UOGHVYUKBZ
2378,AY49JOXTLDOG2
2379,A161DK06JJMCYF
2380,A3FY3H6F4249E0
2381,A38Z8ZXX1BPFRL
2382,A79372WBA9IJM
2383,A29ZGNBUMQED0C
2384,ARE9V31UFN860
2385,A3JVEZEL9C2DM5
2386,A3DOCWNJH2NLA5
2387,A1UG4J8DEG9NVW
2388,A2NN6H2RZENG24
2389,AV707G6E5PPGP
2390,A7YRO6JIVVG7D
2391,A23E9ZPS2RQZS0
2392,A3EFZZY5DUHLVS
2393,AO0HPTFIKQE9B
2394,AQKXKE6ZZCCZV
2395,A384HAQMS7XRZ4
2396,A4UGMKUSX9XHI
2397,A26KXNN6H1IL0I
2398,A3LLBEDA1VK6RP
2399,A2AGQEL3O3S9H6
2400,A3CHFU80MSI4X0
2401,A3TI1WDAEOTD0I
2402,A1VUHTQ6GC4LH
2403,A3LH77PBDFEO3F
2404,A1WPQGUYP0XI99
2405,AY2RRT8235Y19
2406,A259HHYBP6ZNJ3
2407,AONUCJBC85BL
2408,A1FJFLAAQD5WH2
2409,ACQIIMRZNNG89
2410,AM8J1UVGVYAL4
2411,A3MJISYNXNYEQD
2412,A1H0W7S2H5HC04
2413,A2SX1068IPJW5E
2414,A3POO958KE65MS
2415,A2D66KSHQQHOSD
2416,A15NK5OC7P98NG
2417,A13Z96HR8EEF24
2418,A2SFTMZMKZ4IT
2419,A3AF5TL5080AK6
2420,A3EUSH8DPW75LR
2421,A3G2MJPURQSCBD
2422,A2VAD79S4A06DD
2423,A1AWL9JASMG904
2424,A3CBCVHIK3G76X
2425,A2UBSGFCP2QFNV
2426,A35W3JQYP0M655
2427,AOI2MD752ZWFU
2428,A1FWFCJU2G7TRA
2429,A25KJ3W2EOJYZ4
2430,A2NMQWBDWT3SQF
2431,A1KI3173CO6TK2
2432,A20A523DFHLRBT
2433,A3NCIN6TNL0MGA
2434,A1Y32FBX45NCNL
2435,A2AC6GQ24S45GA
2436,A1RX2N300NHQAF
2437,A3UHS4GW81DEDR
2438,A265NE6H6LYX87
2439,A1KMG1AIUS00DC
2440,A36E8TYZM3OW4S
2441,A1OWEB8I6YC1EP
2442,A26IPZJ4OA05RU
2443,A30R8VFR16RE32
2444,A35VI0H5AFHOJ5
2445,A1TSMUYO1K4L67
2446,A12BTR2MVK2BR5
2447,A16PBJIFF00ENN
2448,A22IFF43YU0HP6
2449,A1VQ1CF5KLZEI9
2450,A2I357I10ZY7CI
2451,A2KETRDA2QWM8M
2452,A2HQYQIFMB16T6
2453,A39M40DHEL8FJT
2454,AD2WKFU73ZYU
2455,A2PL4KZQJ0VFOB
2456,A2XX2A4OJCDNLZ
2457,AFBUH08GNWREI
2458,A2PATWWZAXHQYA
2459,A1LXBIDWACC4TS
2460,A37NVT9WIAK05C
2461,A1XFBJEVJHPXZS
2462,AW12F6FJ99WCV
2463,A10WUPLN6SQ6LP
2464,A28SDTQ6J42K7W
2465,A3ITLICKVRNIKD
2466,A11L85WKR81T06
2467,A21I62TCDL4754
2468,A2QRGHVREV52YC
2469,A3GNZUE5BIH395
2470,A1YQALBYMTYLH9
2471,A2LASORRVJQI66
2472,A2HZFFGGVPMKIQ
2473,A3PJZ8TU8FDQ1K
2474,AAPA49LSP78OF
2475,ASYVR2GRAF512
2476,A37IRE9GZ0CZ7I
2477,A2ZMZU5LQP9NIA
2478,A3QX0ERX4D03TF
2479,A3LXE6P0ITX1R9
2480,A34X3PHO596YSN
2481,A1UIGZ72QCG3H0
2482,ALV34HBUTUUDO
2483,ABJTZALQ3CO61
2484,ADN4F6U91LI37
2485,A13TJ9S5FXUPK4
2486,A26SW43I0MXGGA
2487,A3SAP1GZDBKENR
2488,A3MLDYTKHCCPS0
2489,A3QFOYRN9G515S
2490,A1HVR12V7N8QUG
2491,A1GGYYMXEF2KS
2492,A2KLSFIQUUNTJ8
2493,A1RFNXJVIBPFZ4
2494,A14GIP0UO3ZDFQ
2495,A2M4U0ZK4R3ZXW
2496,AYC2EHUX63SP5
2497,A294SHLWPSG1BP
2498,ASEYZYO85DOTA
2499,AG36K2KBE1Q6U
2500,A2EYQXB9N8ZWRW
2501,A1UP5CIELABXA7
2502,A2KCZAB7PME6CX
2503,A2BMEAPBBH3TXH
2504,A2HDQR9MVRDESS
2505,A318WZFS419OYW
2506,A3WYTV5HMYFLC
2507,ALHWZSTAELK9I
2508,A3FIFD8Z4N1903
2509,A1C7Y31S5QXNTR
2510,AS6SH2JM2YY3H
2511,A2JE8OS1NN9YDB
2512,A2IG17VEBH0NCI
2513,A2FRS81L3GGBDX
2514,AFDT9VMWE601S
2515,A1NHDCJHCW7XWH
2516,A3AYSYSLHU26U9
2517,A1F5O8LPP9X7HR
2518,A3SUZA0C8QV8AW
2519,A218THF45IKWKH
2520,A1DO9LRCO23EOM
2521,A31Y28UEDXQ0HB
2522,A371B3Z09W4GT5
2523,A3KJ12S3O5ESRW
2524,A100UD67AHFODS
2525,A1JDXWQ82RVSYC
2526,A2M574Y8E8UH33
2527,ATOKT8QYK967L
2528,A2D1N6Z7WS9AQQ
2529,A20S6XUW9RDN4Z
2530,A3MFU0GVZUVH3K
2531,AMHP0299D2G2
2532,A1CAQ78QKBIOVZ
2533,AZL1JK2B50D2H
2534,A3VVMIMMTYQV5F
2535,A2X66A9HPMDH8T
2536,A30IGUDWPUPMGZ
2537,A301HFA2O8DQHU
2538,A1NPKJKOQ7KOE6
2539,A3DJ11DYBXEW2S
2540,A2RIT060YF83TZ
2541,A3W152L0OZZER6
2542,A30YDYGEAUEA73
2543,A1XB244Z0HF6BQ
2544,AS1BHLS1FWXVD
2545,A20S4M728FWXSE
2546,A3P20M898R18T8
2547,A1QJBY9CKQ2U6B
2548,A1KJL47ZCIK0JA
2549,ATIMW8SYGAASW
2550,A1BHSP8TPTH8Y5
2551,AW7BIYHXUIZ62
2552,A24HWYHR28JJ7A
2553,AXA8RMPUAEFOM
2554,A22QKNGN59XYZG
2555,A2Q4BMLCC0RYKR
2556,A2TI79NM4NCEUI
2557,A2WA3CPIL2W2GT
2558,A1J1S9E53DNAP6
2559,A2X78O6G89CB30
2560,A1Z66K0CDKXZTD
2561,A2EN82VBJT44QP
2562,A21VGNU5959O85
2563,AYPZMUSCTT46O
2564,A3M7DOEVSVX6LH
2565,A1Z013D38SXE7K
2566,A00473363TJ8YSZ3YAGG9
2567,A21G1MUAP3JUDX
2568,A3FHSLWEMH7JD8
2569,A688RIZ2POWSQ
2570,A2589DCKOQ4CTH
2571,ANOBZWKE25SBY
2572,AH57QM6YHIW8M
2573,A4QXTN3K865NR
2574,A35CFOAO34MN7S
2575,A6QG9LM5WL0AQ
2576,A2R4WK3VU38KC6
2577,A1RFQVHBKVN4TA
2578,A1KGNGL5KT3CJU
2579,A1DC1O4VX6AHPP
2580,ARNEUO7BF3J55
2581,A3PECZX773ME74
2582,A4H4KYSM2KQ85
2583,AE61FFT0GUD2G
2584,A10YWQ4AAAE29O
2585,A17AK1Z8KN613L
2586,A30IP3E4MDQ36
2587,A2K4HN6EECBNR3
2588,A2H1W8V6R9TJ9E
2589,A2Y8IDC1FKGNJC
2590,A3R9H6OKZHHRJD
2591,A3OIQ3T0OIKY66
2592,ALDYWG0CPSYUF
2593,A2X6J6AFLLYVXH
2594,ADS99W8WMEXZ2
2595,A1LA4K5JF78BER
2596,A20I9N5D71O8UT
2597,AB0Y33G717HOU
2598,AX7317G153T8W
2599,A11EIDY6DD40CS
2600,A1MAI0TUIM3R2X
2601,AQRN2I355LZ3F
2602,A3QFGLTU232O72
2603,A2RWHTNM5P3I8Y
2604,AZE2ZP618W1EP
2605,A2UKE7GIVC7XFW
2606,A204KVEV30UDE2
2607,A2BLFCOPSMBOZ9
2608,A3SP7T2PZ3HSDE
2609,A2FWZ58M6IQMD7
2610,AHQRU3MRORIWQ
2611,AG8E2F0G98ZTB
2612,A397CWU6DM3O5G
2613,A106Q1A6LGU4DP
2614,A3KDO3XV0MK1GX
2615,A3IOCPLIMYDBCD
2616,A3KCKECEO3E2AN
2617,A1KDM0N4UCEPHA
2618,A3QZU3A1L17O3M
2619,A36HEY6E2XQT75
2620,A3H6NNGCINPLEC
2621,A14638TGYH7GD9
2622,A3N9TOPHBENB9I
2623,AM9APPMIE1BHZ
2624,A3OSHB0AACYN95
2625,A35ORHRXYF9HM1
2626,A2877AOHJFZI0E
2627,AKDIEY3APNBR
2628,A235NA61RC6YC1
2629,A1E8XXAKINL0B1
2630,A1Y1R5R1C96Q5M
2631,A2NUHWMHA9XNKV
2632,A3EEHMLILVOEMJ
2633,A3QBHMMDRSC5VY
2634,A1YCWZWOXLUAY5
2635,A2AWVROFGSZU4E
2636,AZA595ZPIG240
2637,A38K04MT5LR0JC
2638,A1HLJJ6MKZLR3Z
2639,A3HLLKGK6GTUPF
2640,A1G3ZHC1SU2U82
2641,A3O2A2SVT49541
2642,A2Q1F981D10V1W
2643,AVWBOXI0GH7I
2644,A0678500JUN3N7KUG4PS
2645,AQG17YFAR1ANR
2646,A2YW6XOID7GV6G
2647,A1IQV53IQ8C6F3
2648,A25J9X5ZRUPT8K
2649,A2ZDLQMXRCJ4C2
2650,A1O4RJJ80W44EM
2651,A36FE3ZJG8AZJ8
2652,A21ACKP1NWDCDJ
2653,A1CFORFR5ZAE94
2654,A2YOI67EI4N4D
2655,A2ZNWDLGJJJKTW
2656,A3NKM672LGWZHB
2657,A2NHTHW2BRZT66
2658,AHR2FMQIDBSHI
2659,A1YN05SL7KA62
2660,A9XMQ24ZKXYSN
2661,A1LOENXGC0WRI2
2662,A22PUBSSNP54L
2663,AOAAUYY33OSJT
2664,A31BD4RXCON7QO
2665,A27GITTN6AVW5I
2666,A2DF62DP20RIXF
2667,A4UFU4WKYEUGO
2668,A18OLZIT0DGVJR
2669,A1KPDKD7VYRE3B
2670,A1XRKRGYYBI0LU
2671,A2V92F5R7MLCVI
2672,A1P8YAWYRM3S7O
2673,A2RGMHU5GU4T0L
2674,A1KX4LFT6AN4SX
2675,A203X780HVU4VN
2676,A1GPMV2GKBUJ2H
2677,A71W7G4TCTH3T
2678,A37AQI4AU3JWSR
2679,A2CM1E6TE8LVPW
2680,A2FR1Z2SRYEXJD
2681,A204K1OFE8OB9Y
2682,A2DQQUEPK53ORW
2683,A2B5RVOAEPEDLH
2684,A10XW9CASORTU6
2685,A2QXG5SV2A2BEU
2686,A1FXI2L5XYA6GX
2687,A96K1ZGW56S2I
2688,A3G9EPATNH74MN
2689,A1CP6VJOAWLHR3
2690,A20I0Q7AYU79EP
2691,A2WW57XX2UVLM6
2692,A38353GFTVATJR
2693,A2TI5R93FF69UN
2694,A1YEPFLLH42OU1
2695,A30784WM5931YD
2696,AO43A03C1LA0K
2697,A2GHU8I0P3HFRW
2698,A3B20R4ZAH0Y2Y
2699,A318W1WQ4D3YBG
2700,A1RZ0J7VE1NN2C
2701,A2PN55MTK1BIL5
2702,A137T44OPXY2I2
2703,A2NKS0TOBJPHWN
2704,A2T9EMIFA72AM6
2705,A3DWO5RJDA430F
2706,A2A11XGEPIP6DT
2707,AV9DPXOEKRI97
2708,AD0792Z3GV6KY
2709,A3HSFWAJGSSVZS
2710,AXHZH1N09V2XA
2711,A26YHXZD5UFPVQ
2712,AJEOFP6ZWY0MK
2713,A35DPBFIDM1DI5
2714,A2CL2ANLAAC4L1
2715,A2X4DR51M32FYX
2716,AMENL0QOY5NVZ
2717,A2QI2NTDTMK2FV
2718,A2W9I628I6SE1U
2719,A1C1TNVSZAZA4E
2720,A2S3CQSPUHHKLO
2721,AISSIRI0N0I57
2722,A12ANFNOSMW5VD
2723,AKFE675S7CNT8
2724,A3JX1D26WFEXOS
2725,AEQAOEZZ7V0WH
2726,A357B3PUHSVQA
2727,A1YCQHS3N8E8UE
2728,AN4HRAGRHHX1H
2729,A914TQVHI872U
2730,A2WHQZXGP0DOYS
2731,A1S7YQQGJPPFLG
2732,A2QCE7L6GRE3MT
2733,ABOVQ74OQRZCM
2734,A2HZ3Z494VS1KG
2735,A2WCFDOCS73PNB
2736,AL1XV4L25FZ2S
2737,A1XDMYX8QOW07N
2738,A5VJUBG4HK80
2739,ADJ0G262H54GP
2740,A221I9R7I92ORO
2741,A36BE8S4Y32YGD
2742,A37WVR9M1STQDU
2743,A13BX9O5UDBILC
2744,A2701UXI8QGRHE
2745,A27HLTDITCL1O8
2746,A2MJ8OL2FYN7CW
2747,A11DS1II7Z6R3H
2748,A3KEZLJ59C1JVH
2749,A2V4P6IRCK1P70
2750,A1A9Q3CQA5Y28E
2751,A2UM324B00HBC8
2752,A2YEOR4XJ8N3QE
2753,AGOH8N902URMW
2754,A2NML53YCHS80S
2755,AFOV2K4F0MDTZ
2756,A3NKRH3TJ4DPVI
2757,A4JZYL1MWJ833
2758,A1M7Y63Y5GYJI1
2759,A1B1QMGK8VYG80
2760,AS93JX4ZOK4WA
2761,A3V6QSTG2T9MIO
2762,AHRNDSKWH1YBT
2763,A3AGDWDXYDAE39
2764,A2A9X58G2GTBLP
2765,AJCHGS1GND4OA
2766,A3UVGHUDOY77YR
2767,A2MKF2UM3Y8V5J
2768,A36SVWIPEH29FB
2769,AZF7A44AW3K0I
2770,A3VUSYA3W0FVV7
2771,A2SD1Z4OROY538
2772,A12DQZKRKTNF5E
2773,ADL1KKK6JA3SD
2774,A2FNS49A28Z0IS
2775,A3RYHP2OYFJ3YC
2776,A2X396SN5F0H0S
2777,A2CV33795L4KHH
2778,A1KXJCXS6HFRQZ
2779,A19W47CXJJP1MI
2780,AQB4DH57MSZSC
2781,A1WXJ1I42UOQ2V
2782,A2FRKEXDXDN1KI
2783,A2VZP50FSYD6CO
2784,A1GWG5CWLKJ7ET
2785,A1AK356546890Q
2786,A1WBEIH7Z37LN9
2787,A1OA2ZW406NQXM
2788,AEWYUPCNDV7HY
2789,A1HNE9Y9JBAN9Y
2790,A7YMD8MSOBO1I
2791,ATMQEI1LKR6VB
2792,A2L4XGVPR42KHL
2793,A14Q3KU6ZCSS0G
2794,A2PH6EC5ZLCEQT
2795,A12B7ZMXFI6IXY
2796,AEIYQSPOHQK1Y
2797,A2JLWWDC3OOGUP
2798,AF6Y350TU9EOA
2799,A4YCF2LQ6PER3
2800,A3LZ00UXN4FYVF
2801,AAV35XPQJWV1Y
2802,AQZH7YTWQPOBE
2803,A31ZNDM04H638S
2804,AFQ5BBL2X6MQQ
2805,A3PU3EDJ2FG1AW
2806,A3L6L5O89JTX2T
2807,A12TF4F4YZ7YVW
2808,A1YR4WCADNXMG3
2809,A32XGYDA14KT13
2810,A39H1GO9E3YQIB
2811,A3QDMDSANPYGUX
2812,A3U1S5KR287T3I
2813,A1YB7U6KLFXZAZ
2814,A2LAS014NSRW72
2815,A1PNT1D0OBHLPV
2816,A2CZPM110DW516
2817,AJX9A4Q19UTJU
2818,A1LKOIZXPQ9VG0
2819,A194K60CWZ371J
2820,A2YEZ8Z3BW2SKG
2821,A3E9WG5BEAFF3T
2822,A27H9DOUGY9FOS
2823,A23WE733QT4WGJ
2824,AK2MIZPBOYMR5
2825,A1MZL91Z44RN06
2826,A113VSQSORQRQU
2827,AHUT55E980RDR
2828,A3LGZ8M29PBNGG
2829,A2X3L31KCXBHCL
2830,AKNI5NSW5LFM0
2831,A2G04D4QZAXL15
2832,A1LAGS8H4A2DR7
2833,A2VNGRQ182NJLE
2834,A1R4BL5MYUDNDJ
2835,A3B9C6MZAFC1JX
2836,A1IYWB3X1T6ZJ1
2837,A2VW4FYZILSXF2
2838,A206U97FPE48UV
2839,A7H1LWFBE905R
2840,A22IDP8YERZ79X
2841,A9LNWA25IM2DX
2842,AZKGCE3LNX7WB
2843,A3LKLGZZ8OWR51
2844,AVBLGXSWRN666
2845,A3JLOIXFM75QNV
2846,A3FOD4DV41YMKA
2847,AMFQX8QUHYS3J
2848,A1Z7FZP81N8CDU
2849,A3IE3UPR1XIO0O
2850,A2JE071UW97J2A
2851,A55OWI53KJ4KZ
2852,A132ETQPMHQ585
2853,A2RT569JYPFXZK
2854,A2WQMSL1H9URSH
2855,A3977OZLNA8LCB
2856,A2T2M0IQGWYH42
2857,A3E02KBFI21TY0
2858,A16Z2OECAUX8Z4
2859,A36JO8IHKYBMMJ
2860,A16PUD6V3KAZ0Q
2861,A18S2A07LBNVNF
2862,A2EDTVVR9IFNLW
2863,A3SMD3T0QTN109
2864,A2Q2C8VL63W8Q7
2865,A2UJISLVGXQPID
2866,A1A027UELK4JZC
2867,A2EIODKT7EDOC4
2868,A1NQK5MH9GTJ6S
2869,A2705TYWNRS495
2870,A10G4BPT5MGBHY
2871,A1ER5AYS3FQ9O3
2872,A27RVRXXT1JLO3
2873,ATYUQROTHLNYV
2874,AZ0PCEZUTF5QO
2875,ASHO96ZB8AL1Z
2876,A2ME21YGPR0FRA
2877,A3QEIVO8AB3YMU
2878,A3CNM18PWKI1Z9
2879,AHFEONGV7UFPX
2880,A2M6B16568F7KH
2881,A34HEHB3Z0YHO3
2882,A38NEDIGZZ2ZFT
2883,A1HK3H54OAR7O9
2884,A2JNOJ7FMXNY3A
2885,AE0MR5GT473TL
2886,ABKMVAM7J0XRU
2887,AGY42JYEW4SWJ
2888,A320BTSBIAO9AM
2889,A8HTROW1QLP1S
2890,A9PKYI8B9V9VB
2891,A1EE6LQS3OPY6R
2892,A250GXRD2BGQV2
2893,A1C4J5MRES1KRK
2894,ACYMT1PL5FO9C
2895,A2RIAXGSBP65BJ
2896,A4UWNRY0WWECK
2897,A1HYH206E18XVC
2898,A1L1N3J6XNABO2
2899,AUQBDRIQFTRNM
2900,A3OC42X7H74D1Y
2901,A3NL6488FAXF0Y
2902,A3Q1J68QY1MZQ9
2903,A1NDYL6D6QNVCI
2904,A2QC9920F42ORM
2905,A1SINHLUYMCCRK
2906,ANKMIDE70Y4II
2907,A3CVC8TCHFFDK8
2908,A20PBBI8TX60Z0
2909,AHROSV6WJOEGY
2910,AE1IT64JYGU4O
2911,A16WPA6JV83YXT
2912,A2A0HREDAG2QIC
2913,A303SNZ4AR7TDQ
2914,A2R80172BBNSTA
2915,A2DDVD6SPKZOZK
2916,A2ME89MSWVG9NF
2917,AN92S28RV1FQ4
2918,A2BCDZO1XQLDH
2919,A20L566MXMGSQT
2920,A1VLVWTLV3LVHR
2921,A20L63B48RPSOH
2922,A3CLWZGMC7M9Z1
2923,A10AQSHGUSJM5Q
2924,A2M9D9BDHONV3Y
2925,A22K36X80X815R
2926,A1KPALLWZ73M27
2927,A2TTHN1UMO82VY
2928,AXGU1QV70M0UL
2929,A3P5G64FFNWSWC
2930,ACSX5AIZE3MJ9
2931,A3JVN244YWI3F3
2932,A3Z9QN0RCOHEY
2933,A2MHH4FWA6B6FV
2934,A3O2DF7P03JMD2
2935,A2OR94VN7XQCUO
2936,A1J3T2AHYBSRBI
2937,A279X8Q86JF5VR
2938,AH32BK6OVLY93
2939,A1CYTBE7LLUQ8F
2940,A1ZPD53DH9LFVF
2941,A5OZKJRHR69S1
2942,A3KYGQI7G4NJPY
2943,A2VBTN6ZR67YOF
2944,A19RE9LBQIX90B
2945,A2GKWC2UIDRZ42
2946,A1LH6RF4UN9VI6
2947,A2Y5T1O43P14RP
2948,A3V1AHX8P4R839
2949,A2TS040W2FW5O
2950,A3DRSOGQJRX10
2951,A3H11VW0L01A1T
2952,A1VOPP2OFITP7D
2953,A2BFC5WQGVP27G
2954,A3P4WOECOANW1M
2955,A2B7DW8XZMRMN0
2956,A6HOWM08PLFZ5
2957,A2JNO9OR8FGNR4
2958,A21B8AV7E3MPXE
2959,A25ZTOR57PCQED
2960,A3VDSGNIS92OVZ
2961,A5II29J0V20A1
2962,A2XOV3ZKGDK55G
2963,A1LQTC6ERFMZ03
2964,A3VZH0PWLQ9BB1
2965,A3KO6JEVS1FJ8X
2966,AICMB9AK89DNV
2967,A142UV53K381N9
2968,A2LO1YE4Q0N4F
2969,AHT0OKUU37JEI
2970,A37NHGD0WTRYFH
2971,A2NX6PABLIJLP1
2972,A11T807LX2EF00
2973,A265IEMG2K5R4W
2974,A2GSJUETASGMO0
2975,A11EXFO14WEJM1
2976,A30Z0GG96D11EO
2977,AZD7C4ZW00YKH
2978,A1MJMG9HLAM30T
2979,A2PSD2R9A1CXG7
2980,A25TT44FXNV0F0
2981,A3TRY87JJCA5Y8
2982,A18MDKT3BD5G3X
2983,A2U4AV00V0U6VV
2984,A38E8TA8QP2IPN
2985,A1MHOYUPMHH5TF
2986,A17HMM1M7T9PJ1
2987,A33TZR3VQJMKIZ
2988,A3UORBSIKQ56ZB
2989,A5Q1FK0FWU7DH
2990,AHVWHHTYV3GMP
2991,A1MQQEM7W77L62
2992,A32QOZWIKQDNZX
2993,A3H9JSM1SUTE4O
2994,A1FYX3RHM6B6EX
2995,A35HOUWHAYZZN6
2996,AJ3EM3E9OB9BH
2997,APD4MF0L1I9D5
2998,A1M0M3TOS6CD1A
2999,AE2I87RNTD4TO
3000,A3UMNO0WJS929H
3001,A7ED6BJO320TG
3002,A18FLOC8YQY0P8
3003,A2IX2PCXS5O2FK
3004,A3PHM4OY122O2Y
3005,AVPMKKIH917M8
3006,A3GDN39HIKKD13
3007,A2XCKW6UGRT9HX
3008,AIL4HD8BRUHV9
3009,AT6CZDCP4TRGA
3010,AA7P2NEC94K79
3011,A3BY5KCNQZXV5U
3012,AWZR0O65DL2Q
3013,A2HPA8TY1FH40A
3014,A325Q3IA4V0A1X
3015,A2YO5JDPKQKHU7
3016,A3LKN9GND01EWJ
3017,AVUJP7Z6BNT11
3018,AH48IMEFCTE8D
3019,A32D3SIQGJX2SV
3020,A1UEL5C1N6E5SE
3021,A2Y2T7UTIGG1GJ
3022,A21FYIT80QP28G
3023,A3UYYFHJKNRRC3
3024,A19RW25Q6206I3
3025,A29TZ0192IY8IZ
3026,A1H88L8X6HM1BQ
3027,A2BD0G4SRK0WMV
3028,APPJNVNF4BFLB
3029,A31XW1RTQ4ZG9W
3030,A3N27L13CWJ9HY
3031,AJWQKYD4B4Q8V
3032,A1AEPMPA12GUJ7
3033,A2UQGGK8VJPUH5
3034,A1KGWUYXUBEMB2
3035,A3Q7ZXHEZBE4IJ
3036,A339944LNIZ0CC
3037,A309DHMXF8SW11
3038,A1UWSU5ETQRQKX
3039,A2WA8TDCTGUADI
3040,ABT4HGNR22RWO
3041,A3JHG5UL1HJNFW
3042,AXO4PQU0XG3TG
3043,A26H17W5A8SALY
3044,A1MLF245ALEPKS
3045,A3V2WHHZWUYLX0
3046,A3M7275VDTZ9AK
3047,A38VCC7VQ0CHVH
3048,A3RLGILWFYEBT1
3049,A1T624E6NJ9JDN
3050,A23OMA9R13NAM5
3051,A38VI9M6QIDPI3
3052,A54S9CIUV5VNB
3053,A1KW68OP8JGZN7
3054,A1AYGS2OQUJ489
3055,A2HEEZBGEFQVJD
3056,A9ID1V1MSZV29
3057,A2V91VHCO48UO4
3058,A3KKA2GYA0J7LB
3059,A19DTP3MPNXV3
3060,A1PIDSKKKDKEH8
3061,A3NWXU3GO2E8FJ
3062,AA7C90J3I44Q9
3063,A3JX5ZDOS0D6XF
3064,A2KSI9HP27450I
3065,A39BW25SNOBOS5
3066,A1YJYGAYY3UP37
3067,A29W0JFG7EUSVU
3068,A2N1SVMN6Q926K
3069,A3F4GOJ6DSQPCY
3070,A1LTYSITH7FPAY
3071,A1POL0R3RNLZ53
3072,A7T1NIWZHTC4P
3073,A2GJ73RFF0EDMN
3074,A1BIPJK03QKFQA
3075,A3LBTC13EYE4MS
3076,A275L12XC23G9I
3077,A20L9N5ZJZIQXN
3078,A1CQRJFY5EEMDZ
3079,A2UNEEEJNHGS2D
3080,A1G60ANYI0HMEU
3081,A1UAZ6MNSZKB7G
3082,A3GQSZ2RVVXDCZ
3083,A386LG0LRWKJZP
3084,A37KG9AQK1PN10
3085,A2WTDTU0UNKNB
3086,A3KPLW6OEXOKA4
3087,A3EEAA5MOWZBIE
3088,A1RKBJXFDZAA2E
3089,AIIBD0NIYCK5K
3090,A2HT64VEZ8CLGF
3091,A1RTSGY2749P9Z
3092,A36B7TZNERS5IW
3093,A1KNDDKOTC3J86
3094,A33230MIA3W7G4
3095,AE3RSQ9MMROAT
3096,A159REG8IB5PFX
3097,A38AQMRQD5VWRO
3098,A36EW68H08UOCS
3099,A2EQEBZ5GJOS8X
3100,A1X062VKEV49HP
3101,A2RZGKCNLFE0UW
3102,A2NQTZEM32F9H6
3103,A30H2335OM7RD6
3104,AAOW8OKV0KIP2
3105,A3263D7FBDJACU
3106,A34VV0DDR0OFE5
3107,A320NYVVIZSZGY
3108,A1NSH9FGIIVH0X
3109,A3IS23397LB45
3110,A17VEWFXR0C2L0
3111,A20LJ7UG8S2IDR
3112,AGL0YCXDMAH4U
3113,A2CF4NGV5Z1TKU
3114,A1GHHUOL3IJ5M5
3115,A3EXWV8FNSSFL6
3116,A1B9D3DFZ9PTHV
3117,A2XHOLOLKGV1FE
3118,A3OXRFCJI67IMN
3119,A2EZTM9WY5B5IL
3120,A33HN6XH0C8XSO
3121,A1FXY0GUFHEI59
3122,AR4RJOPZ1LAG
3123,A2RW587355CMVA
3124,A25UZ7MA72SMKM
3125,A3DD96LN8U1NM
3126,A1437CAM9CNC1E
3127,A2BYFGD27QAIOG
3128,AYPEPA3VS4KDM
3129,A2MG95DI29NJTJ
3130,A19JDXB5R33C7R
3131,A1XYIGSDMH3JW6
3132,A29GWIJL72GXXZ
3133,A10WE4JQOHF6H2
3134,A1H2S4W92AUAUO
3135,A22M3E5S78BYRI
3136,A2V5UI37R7ESEV
3137,ANKCQ60FES3EZ
3138,A1II2ZRPKZAQQD
3139,A2OMQEK9OW2FY6
3140,A1PWWI1Z2JTN5U
3141,A37USOKUTI724H
3142,A41MKHZQ85J9U
3143,A5H8NA5CJ0FK4
3144,A2W9GX82SLKROQ
3145,A2OKRGHIYTBQ6P
3146,A2SRVDDDOQ8QJL
3147,A6ZPLVAUQ6695
3148,A1CVFUQ1PGSIJL
3149,AI8EMB0HUC6Z5
3150,A1HBI9BBQIG1NH
3151,A2BAAKZHSUGCDP
3152,AM2PAP6COUV5J
3153,A1LS2UXHG1BYRG
3154,AW3VZ5O895LRK
3155,A33LH3ROCD8AY4
3156,AEHSQDIHIQ56X
3157,A3PKXM1397GQ3R
3158,A1VOKMKK21ATQH
3159,A1FWYMLD8U9SDE
3160,AFM2J3HJNPIHV
3161,A1BTI221EBPDZF
3162,AZYJE40XW6MFG
3163,AWE13F1HOCZNT
3164,A1HOS1D36R1YAJ
3165,A136LRUR0RDH9J
3166,A21VQDGHP3T7Y
3167,AENK4X1X4C5CM
3168,A28GMX5NXCV4OT
3169,A330NPBZJ8EMSH
3170,A1U1ALQQMB6J22
3171,A1F7YU6O5RU432
3172,AYB8XLKTYMTTX
3173,A5HLVHP3HYNUY
3174,A3VSO43VH3H0AT
3175,A2WB7LZ595CR50
3176,A3TLY2LWGRULDQ
3177,A1XHBDA1ZF1R3O
3178,A1UMSB7LAW0RIR
3179,AOTMP0OKJOUWI
3180,A1PQ6RN2MJW3ZP
3181,A2QD4TPD0K4MOI
3182,A2K5GZF4U1E3HQ
3183,A3356C71R17JXP
3184,AP8EXADSLHZET
3185,AR5XJEZR0LWWW
3186,AJBF0L0KVJG8J
3187,A106MB2IVYFRWR
3188,A9ELHLPXF7JKD
3189,A18QNMVRG08DU5
3190,A3AGWRMHKLFLWR
3191,A7SK91SE8UZE6
3192,AQIJ3ZEEVCIKU
3193,A2IT7S59GSASN7
3194,A1TU28E844T9FG
3195,A34U4Y40W1GW9I
3196,A2QIE5YMY4J1IZ
3197,A2J8289OOT5DE4
3198,A13OOI78KHODPV
3199,A3IKKHI79SR86G
3200,A22DXT27ZSNBYL
3201,AWNWOMUT9HS2D
3202,A1IMK99FD7RPOL
3203,A3MQ15651KGVLJ
3204,A6T2B13WYCMJG
3205,A3NHOVWP3K5LQ8
3206,A3SRDVCD2ATIIS
3207,A2VUVIYAQB0YT1
3208,AKT5ADLAFEG6B
3209,AOP41SVJTXNBN
3210,A3ATKIU6MZZ4MU
3211,A34IC48GLL4U3Y
3212,A278S61JJ5Y95L
3213,A2W8SXY9PZHKIW
3214,A19C2XVM1Z9OB3
3215,A2Q2A6JKY95RTP
3216,A2MMZ87BXDBQGX
3217,A1CBB2CYNLU8O
3218,A23AKO4BZLZ8DE
3219,A3747YPXOBXRAT
3220,AX1SE25U7P6I8
3221,A28JIVHCV3BR4K
3222,A2M4BJK1LPB2OW
3223,A3CMW1N1WOYZT6
3224,A2PSC7LUNIDEAH
3225,A19KLUZ1XD3SRN
3226,A1T8J9GGK7WCFT
3227,AAEHOTZ1GRAUX
3228,ABSYIF0ONC2AF
3229,A199V9Y5ER1L5P
3230,A1KDQXZHQIG5QG
3231,A2H2FT8WV5X6SV
3232,A2FRAS05LEI6JJ
3233,A29M09QBG9TZLP
3234,A3V1EPSE6XDC0C
3235,A26BU3ZU0R5IPF
3236,A2NVQZ4Y7Y0J1R
3237,AIVZMEFEAGF3
3238,A5X1B2HBQUR3P
3239,AWNJAY0M5UI70
3240,A3DWI9EOW73N23
3241,A1UOE29U7Y1Q6H
3242,A2R95Z7PTF5ZRO
3243,A3AZI828WJN1CD
3244,A3HUC8541SJ6UT
3245,A11ZCZ874OORU0
3246,A4SD8F79JBYG2
3247,A30IP5D5DLHRPA
3248,A2BE3MTUT0YBF0
3249,A13M9XSQ4O6NLY
3250,ATC16BS2EZWZM
3251,A5I3B25LKW8GK
3252,A3K5NP63E32ZBG
3253,A3BNMHRW2R35LK
3254,A23N5GILA6AX04
3255,A1C139F5C7Y38P
3256,A3EOVXI1VZIHUQ
3257,A34BCLAKMC4UKP
3258,A1ACIEJU98KF3F
3259,A1VY390ZAUPFS
3260,AJAYKDFVFPIBS
3261,A1DG75OT3Y49EM
3262,ATQ22E6YAUNXP
3263,A2E0TJ49NACDBA
3264,A2PREU4LOFQRB1
3265,A1ZGHA3IJV01BK
3266,A383XURHVF8ON6
3267,A18NS2LFYCLOTH
3268,A3FFKU2MTCOBM1
3269,A3006WHOAYJRLI
3270,AYNTULRNAIPNY
3271,A141R97FHSSUQ0
3272,A3CG93783LP0FO
3273,A10KBYZJ0P3MPQ
3274,A32M73QVHG3NM1
3275,AAMUNRK134Y5P
3276,A22232F96FKTN2
3277,A2QIL6MHF0S9S5
3278,A30638B9S2GOM8
3279,A1ZGXZW37JEZWH
3280,A3DS0VAXL90E26
3281,A2XYH8IHILWW7X
3282,A3OS1SO09S3WRJ
3283,A1UV5NB0DXTSWH
3284,A7OTTM22AV2VR
3285,A2D7X9N3IV3S7B
3286,A2QX49LS3Y3ANI
3287,A1Y9RUTH5GG3MU
3288,A37NODCIL8PP75
3289,A110RS7QL8Q1UX
3290,A1DY0CRKZEY0FB
3291,AWKOLLCRFFZAM
3292,A234HXDATOAYEY
3293,A37R3P5JFNQG8S
3294,A19SDJ2TSSL8HI
3295,A17NX7T7DW6KL2
3296,A2BWZGD7S0JZQJ
3297,AXNJFYJRDK7CJ
3298,A3ORV1QBL4K9U1
3299,A15R00LN8L815Z
3300,A2NBCCFDISGUQT
3301,A10C4O0Q0TWXOL
3302,A3N2Y9XPJYZ9IL
3303,A1W60EW7Q6A75C
3304,A1LZ7QGWHBHWOD
3305,A3SIFPKLMOY07N
3306,A35CCGJDNXUDY9
3307,AB0TLNLNOAGY4
3308,A1VABWDOUQLULZ
3309,A1W9KQRCZ9ORHB
3310,A1SI2993YY7C61
3311,A2QANOGP5LLPBQ
3312,ACR4HKUT808U1
3313,AYZ5YY2I9K6ET
3314,A3OFZFLLURJNVZ
3315,A3INBVGWHPD91C
3316,A2ZLRWQ17W3QRQ
3317,A2PGJP6GV2ZC02
3318,A17DW6SUOC70DJ
3319,A2XAKGRUHIE2ZA
3320,A3544EJDD6MJDO
3321,A36I5QI57MCF93
3322,A1P8K7Z2MH7N45
3323,A1AMP5IM2UO0GE
3324,A36Z96ASIRAB1E
3325,A1QRRMR2MQCN5
3326,A3CZOT4Y6CP1DK
3327,A31806I3SGZM8Z
3328,A1LWIO81Z3NLBX
3329,A32O5FZH994CNY
3330,A316RLHHO9Y24T
3331,A2KICNU7EOBYE5
3332,A30ELDPP5TCQ8J
3333,AWAB7PKBO3BBT
3334,A2JMJVNTBL7K7E
3335,A33775AIB1A664
3336,AFM7FK7NFEKFZ
3337,A1X3GSQ1ZM4UEQ
3338,A2BZ16RKE13PKV
3339,A2C8W1VCVWPY13
3340,A25CGBLRJB6X0S
3341,AMS2CPERWN7JV
3342,AVPNQUVZWMDSX
3343,A20OBCQWBKCGZT
3344,AL5CUWBFBMWYQ
3345,A31RULW0KNYJ5H
3346,A3L2KYOYDWSRPL
3347,A1W4F91DH3XPB2
3348,AR3EVUQF0AC7R
3349,A34C98SJU4M7DD
3350,A30X750M8V1XXW
3351,A1HEEKVCLVR1Z0
3352,A12JSZZF5BFKX2
3353,A3R01WHD75L6FG
3354,A279FUL12R7MBD
3355,A5MXNEKQSVHEG
3356,AO8NH0BV82XIE
3357,A2WPL6Y08K6ZQH
3358,A2N3DPMEBNP4PK
3359,A2C8ZY4GLNX85P
3360,A1EZMU02XNK3DA
3361,A36WGHR8TO5DKT
3362,A1EE1HLYUIJPIG
3363,A2XXBZPQT5EXHV
3364,A1JBEKU5TYIWE7
3365,A31IF5TD2TMSH3
3366,A2QK8MBF1J0DYZ
3367,A1HTMOY6AX0OMT
3368,A3RYSRBRTZB0JD
3369,A5BJMAHZWGJ7N
3370,A1ZFKJWTB2XOYW
3371,A1NDKOP4QR8VWR
3372,A2UXYK1JXAN35J
3373,A261FI9ZKQGI3
3374,A2820FVK0ZMY9W
3375,A4VEKNHHOZIMJ
3376,A1JXJI3UF37J69
3377,A2E4PFVGSQUH8K
3378,A2XOS0D485JSMM
3379,A3IIGCFLKVFW8M
3380,A1GARI2JT6EAWA
3381,ASJLXOX1VD4DF
3382,AA8F2HV4DPV2T
3383,A3QKYFU781YTKU
3384,A3V55DVYU80LDS
3385,A3ET198ETSLPG3
3386,A172LET5CHK02U
3387,A2GIE6O51QQN4X
3388,A2IQV2ITUT56A5
3389,A11EYMH9UV9XG7
3390,A3977M5S0GIG5H
3391,A2JS17O8XB2AWT
3392,AYUF7YETYOLNX
3393,AW4MT9WP95TVD
3394,A1ZDAOCC1P0JZA
3395,A27B1U3OWCU14J
3396,A1HRECPV2Q79BG
3397,A1Z0K3LNNGE24M
3398,A28CCN6VYHRUKS
3399,A91BK8S5QH98K
3400,AR33KU52LIBF1
3401,A2KJZXIXBHVG0K
3402,A2MZXLN9TLP1R4
3403,A2MOD50IHEDH3G
3404,APMYPD97EHUUZ
3405,A22B13EJTZKCTM
3406,AY46DEOJJYFTW
3407,A2GPEV42IO41CI
3408,AL9GZX44NVZH8
3409,A1TW9ZGRDQQZ2Y
3410,ALGI34BYWIXZG
3411,A27L5L6I7OSV5B
3412,A3O0I3Y8G9EMWU
3413,A3R1WFO4KIUQXZ
3414,A13H2ZRENPV9E
3415,A1RL0AMW0ZU1U
3416,ABNMD6670TV53
3417,AOOS9WXCDPC5Y
3418,A3GSTWRM0DOU86
3419,ADPP0TXH70ON8
3420,A3J356L2ADK05Z
3421,A15JB2HEZ6RKGW
3422,ARFCORBCTKX1J
3423,A2X3ZCTZ6PUHMC
3424,A164HFMPHEM2U3
3425,A1VFX417XDNWIU
3426,A1AQ8JT2A3UWMY
3427,A3ST1UEQOH94CF
3428,A13OWJOBS7Z90I
3429,A1GQGYROVZVW49
3430,A34W7QA4J5UTOR
3431,A1FH14TQSVDH1X
3432,A1MMFSW19AM019
3433,A1JTTI1KH3DOCY
3434,AIBRTGBN07D6A
3435,AHFLWC1G4O0W1
3436,A3QORZGLGDPU8X
3437,A3EZHMGGWY74HY
3438,A2ZJDGVJ45AR5W
3439,A3MCBV388X4A1Z
3440,A27NTHPTRXB766
3441,A1QEWOSV05RYEO
3442,A1NUNET0L0BFR4
3443,A1GN8UJIZLCA59
3444,A1LHAXBM5GBJS2
3445,A2C5VLIJMDPWHI
3446,A24P1CHJN331OL
3447,AP6L54VTCJKCQ
3448,A3JRW716H3AX14
3449,A3RZOPQ42Q50B1
3450,AWIF8AR75LL9L
3451,A4R8GJX3UZ1I
3452,ANSFRRLSKV39G
3453,A18MBO1U4DPY20
3454,ATZJNEXX7LWD3
3455,A2MO8QZTNYYB98
3456,A1XWX7QTBR3UPV
3457,A3TNM3C9ENUCFW
3458,A2FLJCJ3SW0TUY
3459,AMKNPIDFLRFMP
3460,A3QEJ40NQEW36Q
3461,A1HGXLP6WATS4B
3462,A33HIV8RXRDM88
3463,A1MCH5RXDOH87H
3464,A2AMTEB5UZEOXE
3465,A1P4F6HIXU6WYE
3466,A1501C38OCSEMA
3467,A3DH53FPYSP9E
3468,A15LI24XAWS8RA
3469,AM3XNQU9TZBD8
3470,A7LLIFTZVW0MD
3471,A3VUDSI2S80CYB
3472,A2XROQO1BK671O
3473,A39X4FAEQ2JJ6K
3474,AFM65NU0UXIGP
3475,A7RPKJEFYYG66
3476,A31LKJUARHR0Y
3477,A33PWO1CNL1KAP
3478,A3LQ31SOVYE094
3479,A3HTSYT90XZIE1
3480,A3TNBZZEAMU17Q
3481,A3IJ4Z18FTIIP
3482,A3D36ARA7L7MII
3483,A2BVEDTXXGOLQE
3484,A3NT1NQ8C2JSZY
3485,A3MCMB7725ME4V
3486,A22F3BWM7RAHDA
3487,A359XIBXA34BX6
3488,A213J54E63SYOP
3489,AI45IA9VYM9EL
3490,A1LL2UREA3JIVB
3491,A9UXR6E19CVP6
3492,A3HTE0OEJGCT9A
3493,A9DYWY9VOSP1P
3494,A2XJN6NOZ6E69H
3495,A1ZFUVIC4U6BGI
3496,AQO0IC7P9NU4X
3497,A3P84TZX9X1B3X
3498,A23E9OI4NA1W29
3499,A2IMGHMF0LO151
3500,A3QJU4FEN8PQSZ
3501,A2DBEQX2Y5WDT
3502,A25B5ZWAL7YWV5
3503,AZJFLPEG7D09G
3504,ADX9NTN40T1HN
3505,ATY1TGX2BDL53
3506,ADYK8JALTTYE3
3507,AW3ME92UZVY3M
3508,AFJ52B6FP2WYS
3509,A30XZK10EZN9V4
3510,AGUWRXFBL7X33
3511,A368U5FFTITHFX
3512,AGGSBE6BX7JV
3513,A14UO21ZEVP8XW
3514,A1RPTVW5VEOSI
3515,A2D2CZMETCWS8S
3516,A3VSY7JOVU13GE
3517,A39H670PD32Z1X
3518,A2KUVD844LL7QM
3519,A3FQDU9WANNZZR
3520,A14DLOV1GBUUWA
3521,AF03NDXR2PIFX
3522,A13MZ8L5DC4JHC
3523,A1F5DG8I0CASHT
3524,A31YSTICHFYN7O
3525,A319SV3KWR9G3I
3526,A31I44ESG7UPR
3527,A2K3DB7X56UXLZ
3528,ABIVKBMSIPEDY
3529,A1S78V0MOUYFUA
3530,A21SL94J53BDS9
3531,A11LNY2OLQSUSV
3532,A1GQRGB8FGSLIZ
3533,A2XRZV63X79YSJ
3534,A60XP0153EQDY
3535,A33QUFNY4E5D0
3536,A3TPNC3TKGCCEI
3537,A1M3NVR8A3O627
3538,AFZJNYR931ZCN
3539,A248YV1PRDUFV0
3540,A29SOU3M6CHB9
3541,A1KWLSHD6O5V9J
3542,A24N79JNVNFSBV
3543,A2N9Y04UFXIN8B
3544,ADLWLM3CGKWM9
3545,A30J7WQV0ZNRXG
3546,A1U5NWJOYH2QQH
3547,A2TXR85WQLE32N
3548,A1KBD7BOJFFNJ
3549,AC8C9PT59CDW1
3550,A1XKQX71GJASJR
3551,A2L42QEWR77PKZ
3552,A38KK0SZYEH5UD
3553,A1F958T2GSWCEK
3554,A2OR4QUQSUMOW7
3555,A1U09Q4OP6XIK6
3556,AJV985MKGCIQ0
3557,AO9UNKQG83BUP
3558,A3JLERGZ90RMZH
3559,AVWWFK3FZDEL2
3560,A27TG3E0Z6G7YK
3561,ANEEEFP4BL7ZX
3562,A1UQUDT2Q0YENM
3563,AGEKVD8JPZQMT
3564,A2WUF2RV65T3Y
3565,A1GNYV0RA0EQSS
3566,A2L35P0VQE7LBN
3567,A36K8DLXYRUMBR
3568,A2SCFLORGS4PVI
3569,A2NUQSB42RKBFA
3570,A1BKJNAWJT2TG2
3571,ADS5APY1NKTL4
3572,A2CNO6NW5PJCP4
3573,A2DXXJR0N8BXOK
3574,ANOXPH8N3Z8VW
3575,A3I1KF122KRF60
3576,A1QYZ7XU6RAMVH
3577,A2O4JDHJJTUEI8
3578,A3SJCN4L8DC0BM
3579,A3DB5HA693NI5A
3580,A2S0D2B1OQ06VI
3581,A3B6E2WUEKE9WK
3582,A2O6I424ULQ7QB
3583,A4EBYIKOMYFF9
3584,AMLXY5B95T869
3585,A3EPHBMU07LZ50
3586,A350HRB16YUX9P
3587,A2CT2SA6KFE8GC
3588,A1923RAOIIFO8W
3589,A1IBKN1GXYJ3K4
3590,A1U7YAYZCG6ELL
3591,A27X2M44NJTI1I
3592,A1V1EP514B5H7Y
3593,A1VF0WBEJMV12S
3594,A1CPWYYIHDH2JM
3595,AYQP8XMHTG2YR
3596,A3PD8JD9L4WEII
3597,AN9J46667D80O
3598,A2JFL163HUJZG3
3599,A57Q87B0TC9IJ
3600,A1L0SUHFS9LHPA
3601,A3J029KBNG5MNP
3602,A3UJRNI8UR4871
3603,A969VLBBX8LQ7
3604,A3VMDI7GW676B1
3605,A22NKFOH9RATRC
3606,ATVRUDFBGWVWE
3607,A343Y76WJTBYP6
3608,A1NKKF4W2LHF6M
3609,AH1KJ45IQTM4T
3610,A17A1GNT0CQS8T
3611,A3HG0DNFURFXR4
3612,A2RVCF21L2NPU5
3613,A29E0N5YX7ZB7K
3614,A2K22IGDSNM0WY
3615,A3UKBPJ19RDC3I
3616,A21QH2E3KFVMBM
3617,A2ZJPDH0YP90SD
3618,A63GSML234W5B
3619,A3P8N3YORM08CA
3620,AL9WKVMRI6GFB
3621,A1R2JUOGIYH6HO
3622,A10ASLX7DTTB6Z
3623,A1BAJ6JXU8PSZH
3624,A1PPPCF42TMACV
3625,A34VRVI4CSI5RQ
3626,A3H9FJL67HJA3D
3627,A2ZXBFBA7EKYNR
3628,AQ2UN38CMK119
3629,A2M9ME0N2S3R39
3630,A2YW1MG1GKU8XD
3631,A2SPV96SGOEO2
3632,A3N61N91YEIZ47
3633,A20BHA430QDYV2
3634,A2ZDY0V4Q1SZD7
3635,A22NH69NM8JHG0
3636,A20NTWL30HBNYE
3637,A34TMG18DABIEJ
3638,AOMKUI325W2TJ
3639,A1CP1AQACU8SZG
3640,A2V0I904FH7ABY
3641,A14GSTIN77TLSR
3642,A1W18O6Q4U9JVI
3643,A20F84KUBWM88B
3644,A2LY4B3VOG7JQC
3645,A3CS0GM5T5FFFM
3646,A3FCDPIRUU18F9
3647,A2GX4KWO3V42Z
3648,A1T7EHCMZ92TKC
3649,A3QRW0UJPKIAX7
3650,A1VCPMT1RRS7K0
3651,A2I5QH4F5FDKK5
3652,A21KEURPY5BMTW
3653,A1LNAYGURDK668
3654,A3GASQRWPQW28W
3655,A197T2N6RU7K56
3656,A3G6YILTM81M5F
3657,AODZXY5RCM4QT
3658,AE2URYCBT0SX9
3659,AWWXG1AHVW98O
3660,A3GKMK6KQH3Y1H
3661,A3NZVCKY68MUFJ
3662,A28VZ4NRD7VC5O
3663,A2SNRRXE9M9ZDY
3664,A24E0HXB7EXRE8
3665,A2M6OZ8KDJGIJK
3666,A1IA0O3OYQO9LV
3667,A3C2CPTCMB7S4N
3668,A1RDHBBZE1NPS3
3669,A2WLNSZ9U0T1S3
3670,A2DA2NJZ2RIYAB
3671,A105S56ODHGJEK
3672,A2IFGGXG3YV3Y6
3673,A2M1MNG7G40V85
3674,A1B4MIXYVIKMU2
3675,A22BGI38W7Q9X9
3676,A1EARN5PUVIF1S
3677,A2VIX3WXF4HG9T
3678,A3MWXF2CLXHBRI
3679,A3NPETMZXGIG65
3680,A2UK5HQS62ESQP
3681,A3I04RM049YS8Y
3682,ARL3MMBV85VTY
3683,A2YHHXOH239WJ9
3684,A3H4S6YO9VNGDZ
3685,AAW7X3GRD8GY9
3686,A8YM93QZWCB23
3687,A2P9GTY10TDPE9
3688,AD1J2ZHHXNOJG
3689,A3FWNX1AOJD2Q9
3690,A1VMGWI8XJYSEG
3691,A3IFRQETHPZ5GJ
3692,A3V8NG960M1C9O
3693,AWCQ6HHKJHHWW
3694,A35KW5C0E3WY8Y
3695,A27R1FLUS2KTIX
3696,A3W06YJC2YACTH
3697,A46M5870PGA33
3698,AFQFVCKF7RCK3
3699,A1UNMXKAYOF8IT
3700,A1PMZO7VF31VK2
3701,A22GHD1G3OQTED
3702,A10X9ME6R66JDX
3703,A8NPI4KEYIPO7
3704,A20Y433PDWVNRZ
3705,A3JWD0WQ3VEZEX
3706,A2NUZ2KDNLLFN6
3707,AIR950L34ZZTB
3708,A2DCE21W9UL28P
3709,A1U11IP6K6NHAK
3710,AJV1KW0M0ADJG
3711,A1J9S070L0MVWX
3712,A3FBB819IJF9PF
3713,A1J35LBQYQ043M
3714,A2CZL0E7M32VYZ
3715,A3RUQO10JKY9NT
3716,A1G11XIJFNI1FK
3717,A1URMXEEWEQR6V
3718,A55E1TT5FQKNH
3719,A39B1M31T3QRPW
3720,AKDKA28LFN20O
3721,A3LDLV1GWQJLEQ
3722,A13H5US9Z7L9M7
3723,A3SD3E6FIS6CS9
3724,A358BRTFHRSBXE
3725,A2PMR2PIGWKCQ9
3726,AFBUDZ63FOLVS
3727,A2MAJK49M3CBIY
3728,A30QAOLNZ4415R
3729,A3U41ZL33SS92P
3730,A3RP68J125MBQW
3731,A37AO20OXS51QA
3732,AO0Z78YPPNTEB
3733,A230L0WI75QQOF
3734,A2QNN81D7PH725
3735,AEZ4IQDMN7N92
3736,A2AOV4F1VZBRIG
3737,A21Y78ICSG80Q0
3738,A3MAT1NQF6UC4O
3739,A362FM6FYA1SYS
3740,A9RHHBQQWFYGN
3741,A3REK3OFONWB1Q
3742,A3A4ZAIBQWKOZS
3743,A1CP3J2H4W3JGT
3744,A1189NRXDCRHUH
3745,A27BM0VZSVKXZD
3746,A1RE990L8VIUIC
3747,A24PVCLK3G25CL
3748,A9R6BTJP1BD2O
3749,A3RZUQUV0P4131
3750,A2EH9RUU64PPD2
3751,A3PGRIMNNL5WKE
3752,A3DE90GA71CQ96
3753,A3IU610H47OSPD
3754,A38MQHVEICK46P
3755,AGHKBWZB4VXCE
3756,AU627A4UGIW6V
3757,A2B8KX017QWWQM
3758,A2WM2TMKW9TSSG
3759,A1GR9G76RYNL1K
3760,A3N79E40C4NAIL
3761,A3NEJG76GLYNRE
3762,A2OFOUA4N2WW1L
3763,A2BSU0FH568F46
3764,A1MBMOD1WE3PF7
3765,A1239Q1FAPXJ92
3766,AYJYK64C8L6NX
3767,APXQHFTTYERDE
3768,A29U3AWYCDMCE5
3769,A2MIARFT6C1ECZ
3770,A2LCO1J0MNWB43
3771,A37KQ2QVXLNYP3
3772,AGGAQLXPVGM5D
3773,A3FOSLM5G1BO63
3774,AX9FDGOQM0CCR
3775,A1MYPNA5JB79T5
3776,A1W5N8OT55A9Y3
3777,AVU9EZ7I2ND6D
3778,A2T7GZ74MZI0MN
3779,A2AQUIHJELUVLE
3780,A2VJ2C9X69ZTW
3781,AC1YLEFC9AN5X
3782,A3G007LQX6KGOD
3783,A23GY2BFXCYHSD
3784,AV44NCH7K65PC
3785,A2Y29IRSI08F0I
3786,A1ZH9LWMX5UCFJ
3787,AUQIKXJAWMOK5
3788,A3M2XWZ7SMFBS1
3789,A215WH6RUDUCMP
3790,A28OB1QLXN5BM6
3791,A2EYJ027Y2O9MZ
3792,A25RYV8U6N0N1E
3793,A2AY4YUOX2N1BQ
3794,A29JUMRL1US6YP
3795,A3IVUM4YRO1W2O
3796,A24CFL45HMEW9I
3797,A36I4EO8AIR0KD
3798,A122UK9IT8QSRE
3799,A2E3NAL9ECE7VS
3800,A3LLP0VSTSABK2
3801,A15J71JLC29KPW
3802,A3S0XEPOFOCB5W
3803,AMLA0B6EHD4OS
3804,AID96A35CQO18
3805,A1SP366J07MNU
3806,A3BBCDCHC5U1VK
3807,A2LXX47A0KMJVX
3808,A2U6GHU2EMC5M5
3809,A10H24TDLK2VDP
3810,A1DQHS7MOVYYYA
3811,A1WAEATUU7F3GP
3812,A3SVYWA9O1KUQV
3813,A31MI1I54AN5VU
3814,AZZ5ASC403N74
3815,A22DRQMROONYOK
3816,A2NX6MFZP8TM6S
3817,A3R56AWX8PRQLP
3818,A3F3B6HY9RJI04
3819,A27ORENC9USL0G
3820,A361U4SXK7FCQE
3821,A5KMMY627T3W
3822,A3A0KPQ1458501
3823,A19JGPUJAX048H
3824,A2SLX6UHHYCMCV
3825,A2XXVNTN0ZIRZH
3826,A2PXN88NTJ36ZS
3827,A2GPJR489OIH42
3828,A30J0DKNKCF7SR
3829,A2S7CRFCDO57CR
3830,A1XFI340SHOS5K
3831,AYGFPGFKAWOVM
3832,A3PZ4AXTY9J1DZ
3833,A3F2TL0UCFT0MK
3834,A11QQBCJDEVW6G
3835,A33FIU4CC9SH7P
3836,A2I5E6ZTU3X3VJ
3837,A10RHYA8B2K9QT
3838,A1JFC7G1V37QCV
3839,A26S2WR6M732U4
3840,A1YCV76MUFESR1
3841,AIEEK7AHXKZCC
3842,A29SZ6ZTP4MH9H
3843,A3SDBL8SJC2ME3
3844,ANRXH0BVEAR6B
3845,A37NV5EW92FEGW
3846,A3F9CBHV4OHFBS
3847,A2J7NOHEZ9BEID
3848,A2Z5JKDIEZF57Q
3849,A1HBC0NBQJHT7X
3850,AM2IR1V5EU55U
3851,ANNVTP5ZZEQGY
3852,A3TSJ9KDY18X1L
3853,A3K4AJLVHAH4OZ
3854,A3QBCX2QMKJ7AH
3855,A27712YEK5AA4F
3856,A3V7D0LH8L7BG0
3857,A18HE80910BTZI
3858,A34WRF3C70VMLL
3859,A2LHL3RYUYLCN8
3860,AK9BXHEXOOM6Z
3861,AOAOARIH72UWI
3862,A1TQZUSOU22E9M
3863,AZ4352XO4HH3M
3864,A1I4NHYX40MFD
3865,AQNX0WN00JEVE
3866,A1EMN4T3ROJDOO
3867,A2M34TR2T9YAXV
3868,A3882RXW8MO4J4
3869,A3QD7VWBD470D2
3870,A2KHG3JOFXQ4CE
3871,APYD7KGZZHKRZ
3872,A2EIX81C6U8TLF
3873,A2QDFD3NQKQRYO
3874,A24ECQCIUKA2Y3
3875,A2OH7GJQX3QIIU
3876,A33GYL1LL646XK
3877,A37OYVYHR5U4NU
3878,A1TUL958UXEZK1
3879,A2VJ5ALN1BIV3B
3880,ASYNBS9V9Z6ID
3881,A8P5ZBH50PPOR
3882,A3K4SHKV5H9OSU
3883,A1VTBADV3JS1EC
3884,A8EALICITYTVX
3885,A19XMHRB3G4DIR
3886,A1CHKAWX7FAOM4
3887,A18S2VGUH9SCV5
3888,A2G4LKK57XMBL3
3889,A1QTHVA826XEOS
3890,A3D0HMC6RQT0N0
3891,A14SE86R3GRPNC
3892,AERTVDQPAD7WC
3893,A3TE284VFHUTAW
3894,AK8R17VG1OSVF
3895,AEOCEVUWO5B7P
3896,AMUP8DYE7EAN2
3897,A231FGX8G2Q5EW
3898,AFME05NB5VTDB
3899,A26I1PML9YALAW
3900,A3G5MOHY1U635N
3901,A1DO6DKWF3CMBD
3902,AYNAH993VDECT
3903,A13E849LQCS1BN
3904,A253TILLU81VZK
3905,A3DKM0STAF66Z5
3906,A37DXIENIDHTVY
3907,A3L6NR8ZS7HLKP
3908,A3D1TZH619NKHN
3909,A18OUQEK7IZ2F2
3910,A21S26XYPGXJZX
3911,A37PZJH2F13IOR
3912,AJQFYCKMA7TE3
3913,A1PMWT1I668I15
3914,A1KLPS6P7UR631
3915,A1X8BQQGCEHQ1V
3916,AQOY760AVUEUH
3917,ARYSDAZNRXN6G
3918,AO4RDTZLAGCJ5
3919,A1RF9YK4BK5TRH
3920,AY7XY9E1L6QRW
3921,AFG4HIHMX312C
3922,A1EXGL6L0QQ0M5
3923,A3VS2RYRGDW4HS
3924,A36L7VJWDO7AN2
3925,A2XT8C2ASRLF2M
3926,A11SWG9T60IQH8
3927,A1YJMG0QJXZLD4
3928,A2BN9DIBP9A0XG
3929,A3O60C5513YYD6
3930,A1T7IB6NJ3KZFB
3931,A3SMR4HRFJARSC
3932,A3ODVYRIERNB4O
3933,A24RCBRDXRXR0Y
3934,A2LF16F0KX9L7P
3935,A1ZM846Y7AUYD
3936,A25C5MVVCIYT5D
3937,A1BT6TL7UCIC5Y
3938,A3S33CDURYYH60
3939,A1KB3GP4TKIZQV
3940,A3B620VGG3J6ZP
3941,A2WB4OWBUH2VQX
3942,A1OA65HXZIINHR
3943,A1I2U8NT5J6P1N
3944,A2KAVOGWK3BRB7
3945,AJD41FBJD9010
3946,A1RL1OTV8IJMVD
3947,A1A6C5KIOBMQ2P
3948,A3284KYDZ00BZA
3949,A1MPWLA14I9OWW
3950,A1WP940JZL83T7
3951,A2QHM5HBSIXRL4
3952,A3O28YJBZG1Q0Q
3953,A23GS4UGLQBG2V
3954,A3TBTAX85OYRKP
3955,AFK893ELKDPY
3956,A3GVD3O9QG6I0V
3957,A3MAYI93K5IUED
3958,A1LG1DKUZXGJ6J
3959,AVHLBVRZI8ZEX
3960,AIGI4MMOFYO46
3961,A2JZ8T64YZDQSI
3962,A11OQUV1ZI2MT2
3963,A2B8GMXCMN6HNZ
3964,A2GG0UY7PIGS6V
3965,A22S7D0LP8GRDH
3966,A6VSWJVTWEOII
3967,A1ZVFCPHCWFV71
3968,A3QRR8PSCBI07C
3969,AG1OPGNJBU0EZ
3970,A1U6M8VJHK2ECA
3971,A1I8XTYJHWX6N2
3972,ABDDMX72V5SAY
3973,A3JD3GQOKIFZ1D
3974,AIHQ4AXV5CT9N
3975,A3M2O06MCHJG18
3976,AKNOZT10ADBGY
3977,A1I3NEAHH2C1FE
3978,A23E9QQHJLNGUI
3979,A2LYU2OT25EIV3
3980,A2TQ3XWGG57HFU
3981,A1APCGMUVYINAJ
3982,AMJPPX9MRN9SY
3983,A3KVCHF2QXJKN5
3984,A28ZA3U8Z0OQ67
3985,A2IK5ATG02VZRK
3986,AWH2AY17ZU7W2
3987,A1UKA7HUAQAMY
3988,AIP0VIGQWIW90
3989,A20DDH4NT6Q1E8
3990,A17NVM7IAPF2NS
3991,A26SO3TOT2TLJE
3992,A392P34QSBUICZ
3993,A27E44IWS3B7VD
3994,A1FK14ZCV3B1RA
3995,A1FHWJ7EFO3E3U
3996,A34VCCL1YO6D0I
3997,A3HR0ZZOFKQ97N
3998,A2Z2FATA8JNL54
3999,A1DTCJV6KOMJOA
4000,A18FUHNBP90IB4
4001,A2K89R0B20LYHB
4002,A1BXVZSQOJE6UE
4003,A3KPD3WLML2Q4E
4004,AS7SB0A3QKVQV
4005,A1VKAY0XWLA2CY
4006,A8QG6JH1LO2OV
4007,A3968V5F8JKMA3
4008,A1ROYTFVKXZUY5
4009,A3GECW3411ALKA
4010,A10IFEQER9UA7T
4011,A7HASSXT44XRI
4012,A17FZHFO27B26M
4013,A3099K3YJX02VO
4014,A1TN8A6PENVN8D
4015,ACEA95FQS1AVP
4016,ANEDXRFDZDL18
4017,ADVLRJS633OTD
4018,A1E3SKV513ESAJ
4019,A33ODUX6596NW3
4020,A1Q5MOM83O5GXW
4021,A1MYC8UX74DCIZ
4022,AZZD30PYJVGI7
4023,A32Y6PMTOHO91N
4024,A1ZH5ULI4SBO48
4025,A2VAEDTAILECZN
4026,A3O363PTG9I4J9
4027,A2WN1QF8GSVHYV
4028,A26OPNLJ0JYHPH
4029,A1F2EYORWOZ3G1
4030,AY1I85LLDMETC
4031,ATR2C537XOMQ0
4032,AYVR1MQCTNU5D
4033,A251OKWDZIA702
4034,AWPN47SSWK1JV
4035,A30LRE6HWCNIJF
4036,ABNVW98WILW5E
4037,A2QH6LESI5RTO5
4038,AA4YGFMIQRT7L
4039,ATNZ6ZION5HI1
4040,A27T4RQ3XA661C
4041,A3VC6D6GTPU97Y
4042,A2YNF8D4ADUPD9
4043,ALHX1KDNFZX40
4044,A1TFMR7RE985MF
4045,A1NZLRAZJGD99W
4046,A1047EDJ84IMAS
4047,A26UNIPEVYE9DE
4048,A2NCWLAWOVCKF7
4049,A3V2EZ6MA32FF6
4050,AIK0G28AWIL17
4051,A2MVPY9XVYST9H
4052,A2DRYHBYLO5S8T
4053,A1GBT4UN2RW7XY
4054,A3IKBHODOTYYHM
4055,A1L7R2764ED46Y
4056,A20FK68BUB1IVA
4057,A3VSMUBKY8HYB2
4058,A3QG32P5IF3JAK
4059,A7RFDGVXDYQLJ
4060,A3SLENWVD7CEQ9
4061,A2UOLBX7155MY3
4062,AAZ5OJ2OOJ2DK
4063,A1IDWUYX4QXTUE
4064,A1CT884F9HEA8Q
4065,A1ZVMTIRYZQDL4
4066,A1GHZY5ZMRVN8Q
4067,A3AJCNF56KL0B3
4068,A2F09EWKV3MTO2
4069,A2JP9E1H0SF392
4070,AIPVKMLXTO6H9
4071,A1IW1ANBV0DPVI
4072,A1OF72PQR4MII1
4073,A1B9QFN9YFZD90
4074,A3V442X4RU5OK4
4075,AKNBC73BZ76BE
4076,AO4KJPY9BMJQL
4077,A1LXESUUNI846B
4078,A9WX8DK93SN5
4079,A1HAMJNZ7R2XVA
4080,A3SLDWZHGZUPC
4081,A4XR36DJRU3S3
4082,A2OYGD3W1AZEB9
4083,A1ZOIGQHW7FPT2
4084,A3UUTDX2WNVUS3
4085,A2HNH4PKE5DPSI
4086,A13X3KB8XPS0ZX
4087,A3GEQ0XEP8OGD
4088,AAKQTXS4JOUR5
4089,A3KT85K6QPMGSV
4090,A3NO9NOCWLFAAJ
4091,A1SZHOQJVZ4X09
4092,AUT5LZ1FMU5ML
4093,A1463ASM7QMU2I
4094,ASPABROV8R7M5
4095,A39BGN8JA7CIFX
4096,AKDXXW89ZLCJS
4097,A1UVWTNPX8TR0G
4098,APKNBK1Q27R91
4099,A2JNI9V0X3YHK
4100,AT1RF4WNPGGLC
4101,ALDV8DDZWWPYE
4102,A2MHCTX43MIMDZ
4103,AEZJPVE15ZAXY
4104,AXHETL0M8XZPT
4105,A2YWRWSLEJRM92
4106,A3R19YKNL641X3
4107,A1QOK9LU90ACF7
4108,A21T0D2F7SKG5S
4109,AG1OL1K3SFURN
4110,ACDJBTUIODRUR
4111,A3L1BNBV4SS1H8
4112,A6TPHIXWU4Y7K
4113,AIPCR5HPGREUQ
4114,A6GK04AZ0XISJ
4115,A33GNK2H4F1EC0
4116,A2LZKKQ8EP50MK
4117,A2A536AF97J8JJ
4118,A266BFIUYON37V
4119,A1TH5UXT33E7RC
4120,ADDDFVHP3CSVA
4121,A1O229NVVDJUX2
4122,ABTJL6RM42YEI
4123,A2GK5S3ZF9Y8YO
4124,A1AG7F4Z1EOO5L
4125,A1QO88MU0PYJON
4126,A1OZA52DFY3SHD
4127,A1GWPAZBGMUAFJ
4128,A15PV8J0IYVDNH
4129,A2XA8CW5DF4MNZ
4130,A221AYJCX6Y5WB
4131,A2KFWHHUFVKFXZ
4132,A3IAU6ZPVF2R5K
4133,A1G8USRY17IR1X
4134,AH6N8YYGJKUS8
4135,A33VELHWFACU48
4136,AVLCCXLQBXQJ
4137,AH9AUW175XCVP
4138,A3JCWGHCVC2ZNF
4139,A9AGFKGEQH5DE
4140,A1VD0JJCNC8K76
4141,A3K91X9X2ARDOK
4142,A3HLTHHLPKLRQA
4143,AW6J9IILGOZY3
4144,A13OUS97G7238Q
4145,A1Q08H4B9QGT2N
4146,A28DA4HNDPAGHK
4147,A2Q1046M09398P
4148,AJWLN5Z6W97TM
4149,A3OKH5G69MS8D9
4150,A1XR58IRKP3HEZ
4151,A1JBUBTQ48ITN4
4152,A175N19FS2B4J
4153,A2UYGOYMV73826
4154,A23W55M32D2AC
4155,A18MXEW7BUZ5MI
4156,A2LYK1AGZ4U9L8
4157,A1MEISNED4NP7U
4158,A1IU4JZFDZA9HJ
4159,A1N655X9X7C6QY
4160,A3MEMX0XF00TBD
4161,AL2VDE4LO4ESR
4162,A14X244VGHWPSX
4163,A1D628IRIDYG2O
4164,A335GUD1YBS31U
4165,A3U4GW06XNSI2Q
4166,ARSQ2F9U315WG
4167,A1I7QGUDP043DG
4168,A1U7LS93I03MFW
4169,A17UNMURMLX0ZE
4170,APRP8UBWTQ15J
4171,A3GTJ37QK2SPSB
4172,ATJE929ETFFNH
4173,A1DB5QPH7WO488
4174,A1BK60GZ4QME6I
4175,A1WKUY7T0EM0GM
4176,A3E3GD3TABXKU1
4177,A36CTP2YSXLSFV
4178,A17BUUBOU0598B
4179,A186697K4XKXQL
4180,A9P07NJ7UV0M
4181,A23PBLHUOR6GNN
4182,A210SPRGOOG2D0
4183,APVK8GGSSUDCE
4184,A1JEFESGLIS076
4185,A24ZMNWTW8AQUR
4186,A24O15MYDNLZBE
4187,A3RNP5X8ZGZIEI
4188,A1VK6EKINVYAT7
4189,ANKQGTXHREOI5
4190,A37D5847LN3WQ
4191,A17OYW896EY37V
4192,A1509YCCYCYQQ3
4193,A2WC9NFLG57W4H
4194,AKPKPMWM6IIU5
4195,A1M841R4VB4AVY
4196,A2V9DTXTQ5YIMK
4197,A29KJ1B32SL5FD
4198,A2Y5Q0LK1OGHET
4199,A2M8J6B01Z2NIL
4200,A20GTJ1G6FAGN0
4201,A1H7OERDUF47DZ
4202,AT4X2P32G0HEZ
4203,ALSV9F7AJP17N
4204,AKBVYIIHWI04B
4205,A2Q4BL0E6WZSTE
4206,A1ZKGSDVP057L9
4207,A2V55J9CCQCOG0
4208,A19PPFERQ3JFDS
4209,A3TP31S61PPE3G
4210,A3J6V6FWETLBDU
4211,A35X2JJI49OBZP
4212,A2V8RY58XE5A5O
4213,AAJ1IYOUIHWF
4214,A1U9EX5JY2P5IH
4215,A3BTL4FV6ODKAT
4216,A1YX6S4I5GG5VK
4217,A2EMP366TTS6E1
4218,A311KBQDJQNIZE
4219,A2Z7OW9PM7CMVO
4220,A20DNGGAHQMSWI
4221,A3RF46CL8GDIN8
4222,A3V9K8LW3XHFJG
4223,A3GA39MSXC63J0
4224,A11KZ906QD08C5
4225,A18B503XYGLK9T
4226,A2I9EE6IT08ZE5
4227,A8ECVMXPNM79B
4228,A3A9IBYV6IG1A7
4229,AAX3518AMCVW8
4230,AV87USOJUBHHJ
4231,A3KRXRIB0VNVVF
4232,A3QDU2E1E6K8X6
4233,A2CTQ99AEY44VV
4234,A26W1STWGZ0V8J
4235,AAEVGE52KL0DJ
4236,AZA55FJD7CCZN
4237,A15OAS39003U5R
4238,A11QUNPSCNHY62
4239,A73CRXNIKDWF
4240,A20V7N5A22F4BM
4241,A1A2F1ZOWOPNJB
4242,AV67P142JTRAH
4243,A19AL8BAS9CMZ
4244,A216NSW58Q3SCJ
4245,A19XBW5WUDH1Z
4246,A2OJCTT5WLB2HR
4247,A2G7B7FKP2O2PU
4248,A3RU2P4FAACQ1J
4249,A27OBJA1YDQFZI
4250,A15D2X8MICR2VQ
4251,A1EQ5D5JRSW23K
4252,A26MBVPPXZN1YM
4253,A12X7K54734QXE
4254,A39H5ZCKFUMO2K
4255,A368INKWDUYHMK
4256,A3C6CZC2JP67VK
4257,A3FHDBBXZFNQUK
4258,AF3BYMPWKWO8F
4259,A25KVM6GJBLISZ
4260,A3BAE79NXFDXGV
4261,A27CHILBK6HIL2
4262,A2F6SZLKG0TOJ7
4263,A2MY9VXHZYAHUZ
4264,A4VMQ6ZTSXSSL
4265,A1WRJB68KCRIJ0
4266,A1P4RH7KMJ1SV2
4267,A14L2638XC00EZ
4268,A1PW5SQLR0Z6IH
4269,A3U29LBT749HJ0
4270,A1TPW86OHXTXFC
4271,A3EFSLEMHNPP6A
4272,A246YIFE5M6M2C
4273,A1V4QK4OE1A0QS
4274,A26K713FK8FH3A
4275,A3193RPDJZJ94K
4276,A1NOBRCN20NGD5
4277,A1I6U5AQAT3ZG9
4278,A2HW33PQSRHLNO
4279,A1SB9BNNGKNX2Z
4280,A1LUK8APLC16WK
4281,A3CL2F9VXQOMTV
4282,ABLV9L4MQO7ER
4283,A2J7RWW4J59FEO
4284,A18BQXGJ3RO1BC
4285,A1DB4ADHLOARGT
4286,A89ZZKNDFQH23
4287,A2UWPPU5GZLMQZ
4288,AYAXH6RFUFQ2Z
4289,A3LWC833HQIG7J
4290,A3B6EJV3H0N3DY
4291,A55LS2HWPQB0Q
4292,A2IPC51HL9UUYF
4293,A1P5QZJB3QWL0B
4294,A1TIVD0Y3KJSCN
4295,A359D655P5XEU4
4296,AN9TLUKFAJHP8
4297,A3H9MD4MOY3PXS
4298,A19P3RP3XPDU2
4299,A28Q37BELYGJ7F
4300,AW68KVDV7BBRS
4301,AR16G2FPTTWJF
4302,A2GRDQJ4Z7053K
4303,AUH792DXLWGXW
4304,A3EK2KTYHJCPB9
4305,A27CTW0GPEE0AZ
4306,AEVO0UWFCAK02
4307,A6D07P6DHMXIP
4308,A3QCY8ODJBGFLH
4309,A2QQMIBO6J4KV6
4310,A39KDVU5JAXJIF
4311,A9LAPV8XNKZVZ
4312,A10YH475DAN3BD
4313,A4NY8RGZBQBEK
4314,A2GH8LYNLQSE3F
4315,ANUPHWDY23VZ3
4316,A1I85Y08VRZ32Q
4317,A27EIKUV8BJDIN
4318,A2XL6TZM34HFV3
4319,A5YGYNB4B6GQB
4320,A33TKRXEV3NGBM
4321,A391DPRYY28WJB
4322,A3M4PNSKK5ARC2
4323,A26352YJ5AQ5F8
4324,A3NAMFDCMBNTSV
4325,A2ZGDHLJ85T6AD
4326,A2VYSDQ4Q7B2TC
4327,A2RME4353Y911C
4328,AUEY946M1L939
4329,A1NTJJASB7MFQ9
4330,AP8D74QD9LUUL
4331,A18EHF0FLYLEY7
4332,A3QVAKVRAH657N
4333,A2HIA2DW8C4TQG
4334,A1ABUXDEZODI5T
4335,A4ZQZP41D95JO
4336,AOJA1LC8PN7K1
4337,A1PZCGBMHGV2MQ
4338,A1P9BVW2JB1OVL
4339,A3NKXXXZCM6LGO
4340,A2AY83K9N60V38
4341,A3OIMUR42XIOFQ
4342,A1I477ADGMLVJM
4343,A20EJTAFI1VM5Z
4344,A17CP110C6E9KF
4345,A1X1TY8AT7E03H
4346,A1E3OB6QMBKRYZ
4347,A231LBC8EGPO5L
4348,AJ9AE2BVND0GS
4349,AFYPYQAFA31JU
4350,A21SESEJ8E52B7
4351,A2GANR9I6XHTU9
4352,A39Q9G7J70A056
4353,ATN4J5VS8Q0YM
4354,A1VF5HRCDF99CF
4355,AQ1F3NP2G15S5
4356,AYPIF2S8P3RZT
4357,A2GOWDUXFP5P18
4358,AL5OEDM8TPTKV
4359,ANTGGAQYPSWHF
4360,A2AYYKD4OODSLY
4361,ABSFFH7ECSE49
4362,A1XJ3M3JTMD3HZ
4363,A3T3S48UAVTUE9
4364,A23RZIU0N8K2KR
4365,A1JISH2AQDW1YW
4366,A2NPF1LZ1S57JV
4367,A293HA28PN3VO4
4368,A3T6HX48F66512
4369,A3A8FMW6BDJ166
4370,A3KY3IL0QCID4U
4371,A12W8NRSYR593I
4372,AJQUL4Y3SE2II
4373,A10M2MLE2R0L6K
4374,ALCLEF26KV34M
4375,A24RT6AVJXJZHF
4376,A14MSHFCXPARFS
4377,A1JOANG98KBFKU
4378,A3VKMUJG8DBODG
4379,ACYP638S56SAM
4380,A2ISVGENZA0601
4381,A2PLNZAU8JVI80
4382,A1MFAPVBW9BEGD
4383,A1HKMW4KZJR7TE
4384,A3OC93X866Z8TB
4385,A3LLJTKU4USS6O
4386,A14EPTYN50XSZV
4387,A3F73SC1LY51OO
4388,A2GA64WZK8PKBC
4389,A6TBR6L2D4XKC
4390,A36S72H1JKH2GR
4391,AKN5NF1LOLJVI
4392,A1PEKEZTSDJAVH
4393,A2FZQF0MH29VYN
4394,A12OZRAQ4HTZQD
4395,AGS3TT2IXQ9C7
4396,A2ZWSFYR3EQZTJ
4397,AK9FTWLCW09RR
4398,A26IS9EL6L7HII
4399,A1E1O23M6LB6SL
4400,A3T1BCKTKQV9RO
4401,A3KPZ3UYCQ0NMD
4402,A2Y8ANNYII275Z
4403,A212MDP6K4VJS5
4404,A325RBHDJ3XFWD
4405,A2BVV8ND8Q6S6A
4406,A1NSJHH59U8EKD
4407,A3OMPSEVL59ZDK
4408,A2AXWQVA5V9GPJ
4409,A2SONGAOEVAR5I
4410,A16Y1AOGY25PG8
4411,A26GV8DEWF5ECZ
4412,A3AGSFLNNIFKNJ
4413,A10R9LB4QJNG5X
4414,A33M19SQGBBIFE
4415,A3NUUJF2S2ZWAD
4416,AAU0G40ZN5RIL
4417,A28N2AWOVO2PB
4418,A2C4EG9LRTNQW1
4419,A3S0Y5GVW1CYRW
4420,ABE5E8B3J7MKY
4421,A1G6M86XS35YS3
4422,A33PVCHCQ2BTN0
4423,A3QU3O79AGNWCY
4424,A298DH3GXNK1DS
4425,A17OSOO1PIUG7U
4426,A3JHC8O59WDHFZ
4427,A1NHJ0LR0ONLGG
4428,A4FJRYKS2IMYM
4429,AUGU1JROLPLRX
4430,A24UA6W45CJXB
4431,A1IRFAUJUS0IWY
4432,ABPNZ9RKXOP0E
4433,A1UHJU49N55EKF
4434,A144BFNH1BQERU
4435,A2P6QCZWW3H1X6
4436,A1NO8K8J9OVOG6
4437,A22CHQDM539WPB
4438,A1K1RJZ1KSNK4U
4439,A8VVFHA5WXWOM
4440,A3I4QS0F350D17
4441,A156UC77S3FFTI
4442,A2HH8V0HSEMNHD
4443,A3IF3K5LYD9L8D
4444,ALSH1LV5KNX4X
4445,AAMU00SSB7TYG
4446,A3HCZTTUH3CW9Z
4447,AFTFND8CPQ34M
4448,A3M06TE1J42O3T
4449,A4EUL79IT6AUP
4450,A1ZO9D554VQO9F
4451,A54REBNBBP8C0
4452,A38JGO3ETNO8HR
4453,A199FRO0YFMGED
4454,A1EHDVLCSOU57Q
4455,A3S5WYWYKSAI9C
4456,A2TVH2OBNXYXHV
4457,A3KZ7OH4VRL048
4458,A2T9EHCUD7CNEB
4459,A2E7RX6AFUDQEX
4460,AB399AECXCDT8
4461,A2M6J4CGEA29JI
4462,A3D5B2CBFNJB0K
4463,AYS4UGU2YB0W4
4464,A3TOI2WTHIU54C
4465,ASUFZ7OCKDM4H
4466,A320ATPB6MZDTK
4467,APZ4V7V642TCI
4468,A289BG1P365S5B
4469,A1S0NVEWPJ6GZQ
4470,A2G24936LOQJYO
4471,APA7YUQKKP15H
4472,A18YRSWGVSOVOZ
4473,A1AH8033GWKBY7
4474,A39NB225G8LYPY
4475,A1E50L7PCVXLN4
4476,A39XAXOXLQODNC
4477,A379IB3EYAEL5
4478,A14OQ67LM79KW3
4479,ACT61J63PE8LW
4480,A16X012B6CAQ20
4481,AVX30YHHRC3UC
4482,A2GTVJ2M62EEFX
4483,A2FNA5903D9E6Y
4484,A5K5DIDKAML5C
4485,AUG0C084W05KI
4486,A1RPJHUVVSI98A
4487,A186ZAYP2L4CDZ
4488,A2P07C09N1Z2GX
4489,A2FS38D943KX12
4490,A3A5XNAM3ZW7Z6
4491,A2XCCN239AR1XK
4492,A3UYBRB74RJFXB
4493,A1N5FSCYN4796F
4494,A3S3R88HA0HZG3
4495,A3AWV00ZU7MSK1
4496,A4O8419SE829C
4497,A3F0OFSE2M25U2
4498,AJEDVT3OSUZCF
4499,A21GMBV4KU0V4
4500,A15LK8DSFQZZ52
4501,A3PXFUL4WX8850
4502,A2QKCOX5ACRHC5
4503,A19OR7BSMSPDFB
4504,A3ITL5EYKTZTF0
4505,A1S2IY37JU93XS
4506,A15XI2BEGGFEOW
4507,AHM8R6ATGRDTU
4508,ACL0T7X1THPAV
4509,A13MKSASQ6YWL7
4510,A18OMAA5TQ2H7E
4511,A1IGO319TZ0AUF
4512,A1LYMYNURB9EWW
4513,A1YAGM2QOSAAOT
4514,A25QJBK33C4O0R
4515,A4SZE46QC0CSX
4516,A1T2CM7TPQRQQU
4517,A9XIXYCUR1X1G
4518,A2BIJMB2BITQUM
4519,A2WXJG6CCL5A7B
4520,AAMLUUSL920XA
4521,ADGR41H3B18M6
4522,A1XMNVOK3QEYJ4
4523,AMVJ9LHG7EFBG
4524,A1B6O7SAIYG2N0
4525,A2K2FWFFFRWH5C
4526,A1YMRZSHMKTY21
4527,A3AIKRHIIQ0B9U
4528,A2X1IIDFC7YSZI
4529,AA98O5326L88T
4530,A2B8GXSCB1R05T
4531,A1UNR1BH9BLVXP
4532,AMO1MLSIJSQOF
4533,A1VBDMNT6I8RE5
4534,A3315AAN855HYG
4535,A2U83VDVJMAB2U
4536,A31HE83MU98GBV
4537,A20VG5W98SX99L
4538,AC7J8ZLWJIKNS
4539,AUKDOB4DXLZD7
4540,A1XEZIHQIUAOR1
4541,A3950CIY7HJZS8
4542,A16EIVIBBXFAQ0
4543,A17V2N0N8CXSA9
4544,A1HOLE9R6WPT85
4545,A264UDLWWRJ7X4
4546,A2I05FGBTCRRB8
4547,A1E7BYP6JGDUHD
4548,AGFGY4EJ37VS2
4549,A3FWSG0GV6FRB6
4550,AVJ6URCLNJQD2
4551,ANE205GSCSILV
4552,A1STG5612WVHLX
4553,A1RIQUDE4B8NGX
4554,A3EUS4JC68Q476
4555,A1DZYCASJNC9BQ
4556,AGXMC3ITWZASE
4557,A3EXMDDJE7KQVR
4558,A3DTSC80W9RNB9
4559,ALUV2YKWZENKK
4560,A3F43PAJZLOE3I
4561,A33SX0AD5PYD9B
4562,A1ZENB34HH2EIM
4563,A2ELYF8POXKV1G
4564,AMTK54YZAO411
4565,A1R8FZDZ6YAU0R
4566,AIJQU979J6UFY
4567,A32Z83NM97LCEW
4568,A1I30AQPN08TJL
4569,A3GMRYV7VAYK5Q
4570,A29C0Z6BY8HB9H
4571,AIXDV2Z2NEYP6
4572,A14RYRR7ETV3UY
4573,A1WXMWKS7GZS9
4574,A2JVLOVTJAWLXL
4575,A33C10NSRPNZF8
4576,AIVU1J51MJ9O2
4577,A3FA9MUYT5D2C8
4578,A268EEWUXYCA8Q
4579,A3U0S17XYK8XMJ
4580,A2AOW20EGSCAY2
4581,A3D2VIUT2HWP0Z
4582,APP5MBH2BSX6I
4583,A3H8PA7AG48K33
4584,AZO8OJ7YGSJSS
4585,AREUKNK6M6YI0
4586,ABMX8XUNPR3LP
4587,A8UM78SMPSHC0
4588,A7GXT5V1VL5UT
4589,A35NOFKHK8P2LU
4590,A2WFZWRYWLC20S
4591,A3CEUT263RNUDO
4592,A3GT2TSW3PJCSJ
4593,A2LLSFQO8O8XNW
4594,A3OBP99ZV5TG6C
4595,AOVTLYTHVDNUX
4596,A2K3D4H7FEM2GG
4597,A2J19U8H5SSFCJ
4598,A1FDSZISWIXH1A
4599,AMP5WITG8PCCM
4600,A2IZW51037PEWJ
4601,A24B990VP9QC6C
4602,A1PKXKC5V9M8Z1
4603,A1OLP6GUFNXKG5
4604,A2ANTZGPEINGVY
4605,A23DFB8IUTIZM0
4606,A3KMYHC1E69P32
4607,A47D5C32VLQM2
4608,A2CJLDPPANU020
4609,A3M2U2803IED3X
4610,A126YLPKFPNQDS
4611,A3K3SE4RK846WO
4612,A1KJDOL79GJ3JI
4613,A6VL09NDKGOWF
4614,A2FJ5NWS5LQ9LN
4615,A1M4QC5BZDMBIZ
4616,A1BTNPMESS99PL
4617,A2IMLOJ2Z2QEU2
4618,AV88T8CNWO0KR
4619,A16FIW3O9N1PM5
4620,A3091RP0SPZLMN
4621,A2YRMTUDRXBMYR
4622,A35ADTNZ99CPLB
4623,AYUFP5TE760AX
4624,A2X695AM08AIN1
4625,AUGGWQHQQ24ZP
4626,A2HWLN72GALMJX
4627,A3REDIO2K6MLR2
4628,A58F10T4OE58C
4629,A2QXI6IJV0SBZP
4630,AZH419IZOWETK
4631,A17E3NBADNTI3X
4632,A10Z8FC0SMU5VQ
4633,A3CU0QL4C4LAA8
4634,A201EOJHER321F
4635,AI0PLL5DQAHRG
4636,A2AYDT1O1K8MG2
4637,AERBY54RWPSO9
4638,A14G3AZAND93VM
4639,A3QSM5XHPL1T6Y
4640,A1RR36YKJB917S
4641,A1EHITIFB0SATL
4642,A3SECYV3F1TC13
4643,A2Z5C2MD0XL1QB
4644,A1W78VPTNJJOF0
4645,A1EAFUWVP1V6NV
4646,A3NXJDNTQK2YJL
4647,A2CVXUY1EYQGGA
4648,A1WKQ94M45D8MG
4649,A3J031UXHGZTWV
4650,AJD223Z0HAKAA
4651,A1H5WDTJS8XETV
4652,A1DSRM2P0WGQNS
4653,A2CUWCJHUPGL9W
4654,ASGN5WD3DI451
4655,A3CNJR9MD5BFKL
4656,A1QTK8KTOGLD9V
4657,A3GW8KCILR2E8L
4658,A1RPR38LB5B924
4659,A3BM03I5K4IQSN
4660,A1ZPKKWT79C6HW
4661,A13OUQVT79L9HB
4662,A16I6WJUEBJ1C3
4663,A26DQMYF5E0GL6
4664,A1CFU5XJXN3PV4
4665,A33S7NMBGYNXQ8
4666,AVYVPMAO26YDV
4667,A3RICVFW2YD1LZ
4668,A38XGMQON7OBS5
4669,AQIBFWWA8UWKF
4670,A2SDRCBPIAXVDW
4671,A2V98TS4QDDCG9
4672,A21MJZ24BN4Y4F
4673,A1TSB68BJI1WQ9
4674,A39BTV23R09E87
4675,A3BJ6ME9J5CD1N
4676,AR2BPDZWGJO65
4677,A1S5XHBZIYOGRE
4678,A2V2URLB31HG59
4679,A10C5CJK1YKGV0
4680,A3QXVZWJQZ6J4R
4681,AGV0RUQJHFW3S
4682,AN0N05A9LIJEQ
4683,A1L1S42BOGPF96
4684,A1AR57EZAZO446
4685,A3PSVI1D7LQ4GN
4686,AKB2PYODH0TKS
4687,A1P0JSFW184ZXJ
4688,A14EF1PPKMSEPU
4689,A1KDUQ2HU0WD68
4690,A28FJ93TJSSQS4
4691,A27ADCSD15F3GL
4692,A2MPXAJK3K61IY
4693,A1F8ABPW3WRF6T
4694,A2UBKNEIRJZAHA
4695,A2X8KN82L07RSK
4696,A2PUSR7ROG0Z6T
4697,A73DFWJE0CGY6
4698,A2RQ0AT4XZUIXL
4699,A1143YEAZYMYHJ
4700,A3PE884TA8529G
4701,A1M23590C0V803
4702,A14IAHPEEMGQOG
4703,A1I5GX6BWQB161
4704,A3VYDLL7WN5ZCM
4705,A3UZSZIL13VQZ2
4706,A26VF9S7H9GQTH
4707,A31HO6KB5H5PL9
4708,A3LWTCXO8GMD9N
4709,AOV9AIX4UE5BB
4710,A3FHFT1OAX62BU
4711,AY5IL05TZPIZO
4712,A2RJAM98U9KA38
4713,AHPV4F8IVSC39
4714,A1LJR5IS0B6ADX
4715,A4JHEO7H330AF
4716,ADEVBXUS0RSIR
4717,A1NVK25SNU2BOM
4718,A14J4V61SWEOGU
4719,A30UDDRL5GASLA
4720,A1FRADBDXQPJJC
4721,A36RJG7HHV45TQ
4722,A2ZY49IDE6TY5I
4723,ASR7145BJLFIW
4724,A2YC6AANV4GZ0F
4725,ABKNRVFFLEA3M
4726,A2KUUIJ52MWDAS
4727,A1LGB9RZX3SR0P
4728,A1QXE7OX7MSL2H
4729,A12SOE9WJ9WFG9
4730,A3MJTC00XJWGBF
4731,A4GHPW9AAH1NY
4732,AR5SY32T76DBM
4733,A2QEA1RKT5N09I
4734,A7OCP4P0S4YO8
4735,A17USEQCX31NS2
4736,ACWVXZ8VKJ19V
4737,A2IKX7H2PLHULP
4738,A1B3GNO9C8YX0N
4739,AE88D7OM7YU99
4740,A3HQJV0OUZ1YCF
4741,A19M8VZTNS3GBJ
4742,A147FUNITGB21I
4743,A32QWD5DEY4LDU
4744,AIFLY2HF8NS8U
4745,A2C27IQUH9N1Z
4746,A3SO2AGQXXL8LC
4747,A25EEG54MEC77T
4748,A2ECTCPBTOGW4H
4749,A1SD1C8XK3Z3V1
4750,A1UH8RMD57P34Y
4751,A2X2WTEVCZ5L8N
4752,A33WOI846MMYGI
4753,A3CW8OUDH7M079
4754,A27HB4L3I1WJUR
4755,A3O0GVCFV59SZ5
4756,A2AGBL998D0FYY
4757,A29ZNOVQFNLIJD
4758,A3NPVNPMXN8L2G
4759,A1IL6W1NK05UW9
4760,A1ZDI8K1OUAQP6
4761,ANS56NVLOITHR
4762,A24FAKTJVQKSA0
4763,A193FH53KFIPVY
4764,A22BXXSKEDW1I4
4765,A2Z81QTXUJ0WIW
4766,AFN32PGTZ31MV
4767,AO3FXH82HEPY3
4768,A11B61QBGHLQDN
4769,A1AN5YW8890YHN
4770,A3VD1ELQVO02DW
4771,A3K7H7RBZZ8DGD
4772,A13SAVYJLEH4D1
4773,A2K1A96U617B4Z
4774,A2RBWETF0ABYA2
4775,A2CISZ4JLKQRJA
4776,A2PU5IDX61XJ7A
4777,A3K8AU6BAGN60E
4778,A23QII83UGZP5U
4779,A3A7Y3TSPPZU9T
4780,A185QFJRTB5W93
4781,A1KOYOE8O2F1J4
4782,AC0HPFQVBZVGY
4783,A2LXC5ZHHP0WXP
4784,A27DDHWHE540I5
4785,A2D7B5I7ZQ51XL
4786,ACCUPJZUVRNT1
4787,A1U6C4G5YT51E
4788,AJRFZ0VZ0LD26
4789,A34TNH973Q9XT0
4790,A2Y8FNMWA9A1R
4791,A2J8T58Z4X15IO
4792,A25I2K6BWP06LJ
4793,A2CF66KIQ3RKX3
4794,A28IIVKXOE1ATF
4795,AAEA4STR27PN2
4796,A2A4M3EDEUKG3L
4797,A2Z1R98M2XOCEJ
4798,A146L0JWX6KKYJ
4799,A2BZ7MYTSNYMEW
4800,A25RMP51FP664I
4801,A2974R9BTPZPOJ
4802,A167KPMW1NBZJW
4803,A1AKU188I6NRF0
4804,ABP2UMJY61K8A
4805,A2RE87ZZU4D5JK
4806,A2VRCF7SM6WWU
4807,APBPXPYBUKE1W
4808,AQ5563NXF0CH4
4809,A2263F1WASP2PG
4810,A2JVBJUU2DL0WA
4811,ASTY0YWDJMUD7
4812,AV8QCPGZW0SDQ
4813,A23R3EOZ837242
4814,A292NDEAXUNW62
4815,A1HM4GGGNKZ37B
4816,A2IW0326MP3ZZZ
4817,A1FYYE9Z89Q82J
4818,A1R5UPSOH21D3D
4819,A2YQ7M9GFU3Z65
4820,A25PYMGLCQKSSG
4821,A2O6IC9KWY8TQR
4822,A2KGKNQHOK4C8A
4823,A3H9RHXL6ZHFTV
4824,A3MSB482DIB9SL
4825,A277TO3PKKNYDH
4826,A361M14PU2GUEG
4827,A1MBFUV5DZNEZQ
4828,ANH8VL45X2L1S
4829,A27BKXQAR305QL
4830,A13WSEOC2I6U5G
4831,A1QT3N5FUQ4I47
4832,A3BAOIC7JMCY6R
4833,A384P5XYDRGBCF
4834,A8SPPHKETDZ41
4835,A3HOBP97RKKY0M
4836,A22NSIO5HTBYXC
4837,A2VYA302TO2K1C
4838,A1H4KGCID2M1U3
4839,A20SQS9XJUP6M8
4840,AKLPA7CAF0192
4841,AA75INOMAHULX
4842,AZQGJ5CEAJGXB
4843,A32M15RZXWZ5GS
4844,A3NLJZI5NEOT0K
4845,A2ZHH7AK83JB5G
4846,A1WT52F6MKNRFN
4847,A1700ESP6E8DH6
4848,A3D9BTRM4JOU41
4849,A328S9RN3U5M68
4850,A19V2TRL68EOHV
4851,A2X2CJK2C5WZVW
4852,A5CDMTW6JKV5G
4853,A1VP6LAPL8JVXT
4854,AXNV4UHIRAR0L
4855,A2MMDKNIM4ONRT
4856,A31COKWABW2WH2
4857,A3K93OWHKHGI9V
4858,A2VDHSQ4EQEQKR
4859,AONXNUE8RMO0M
4860,A3AQO91DYWF8R0
4861,A1GXIQMIF5M000
4862,A3MDA891A1EPT8
4863,A2MA4ATED1B1GB
4864,A1H4OOUVRTZYNS
4865,A2PL0US7RN67G
4866,ADP8ROI8NMNL2
4867,A3JGIXQPX65TGJ
4868,A37Z3FWDW7JFDI
4869,A3H0ZQ74ITU83J
4870,A39WWMBA0299ZF
4871,APYKJUMZP99ZJ
4872,A3C9YGB4H90PDE
4873,A3MX12O0RFMWW6
4874,A5ZD6FBMZQGDS
4875,A2UR9I3QSTN4G3
4876,A3MDETK0D5UAIN
4877,A1X2YRSD648FM3
4878,AQ6QNM0OOMCZU
4879,AJ2FDNZ3COBFN
4880,ANCOMAI0I7LVG
4881,A2731AZYMXHG53
4882,A3SMV35531YME
4883,A32HCP37MHXUUY
4884,A2KPGA0HFSSF8W
4885,A3MKON3VM0W1TH
4886,A1NIGUK4M2ST8
4887,AP42XSKSJMNYZ
4888,A1YLHSCBYXSDG8
4889,A2YDA6ENHKY5FX
4890,A2HELIKP5RV27F
4891,A3KPJ1MOGTZVGC
4892,A1CUORA1W0E33B
4893,A3QCODVZ478MZZ
4894,A96JD9312DHWC
4895,A2ZB8B7VQONZA6
4896,A23LLZEEJYT63V
4897,A32RYIYZOQDBQ7
4898,A1C74SFQ5UMHLS
4899,A3E07UISGJ2BT7
4900,A336FE20YZZL3A
4901,A1486KL0IOM7VM
4902,A3RNSX8VKC38WA
4903,A217CC8F7N5717
4904,AOE0XMITAJWDT
4905,AC5LUZU3QNXAZ
